กรุงเทพมหานคร ,ประเภทบ้านเดี่ยว ,7500 ,
กรุงเทพมหานคร ,ประเภทบ้านแถว (ทาวน์เฮาส์) ,7450 ,
กรุงเทพมหานคร ,ประเภทห้องแถว ,7200 ,
กรุงเทพมหานคร ,ประเภทตึกแถว ,7600 ,
กรุงเทพมหานคร ,คลังสินค้า พื้นที่ไม่เกิน 300 ตารางเมตร ,5500 ,
กรุงเทพมหานคร ,คลังสินค้า พื้นที่เกินกว่า 300 ตารางเมตรขึ้นไป ,3400 ,
กรุงเทพมหานคร ,สถานศึกษา ,7500 ,
กรุงเทพมหานคร ,โรงแรม ความสูงไม่เกิน 5 ชั้น ,9500 ,
กรุงเทพมหานคร ,โรงแรม ความสูงเกินกว่า 5 ชั้นขึ้นไป ,9800 ,
กรุงเทพมหานคร ,โรงมหรสพ ,7850 ,
กรุงเทพมหานคร ,สถานพยาบาล ,9200 ,
กรุงเทพมหานคร ,สำนักงาน ความสูงไม่เกิน 5 ชั้น ,7400 ,
กรุงเทพมหานคร ,สำนักงาน ความสูงเกินกว่า 5 ชั้นขึ้นไป ,8600 ,
กรุงเทพมหานคร ,ภัตตาคาร  ,6750 ,
กรุงเทพมหานคร ,ห้างสรรพสินค้า ,9350 ,
กรุงเทพมหานคร ,อาคารพาณิชยกรรม ประเภทค้าปลีกค้าส่ง ,7750 ,
กรุงเทพมหานคร ,สถานีบริการน้ำมันเชื้อเพลิง ,5400 , พื้นที่อาคารและบริเวณหัวจ่าย
กรุงเทพมหานคร ,โรงงาน ,6000 ,
กรุงเทพมหานคร ,ตลาด พื้นที่ไม่เกิน 1000 ตารางเมตร  ,3550 , พื้นที่ของแต่ละอาคาร
กรุงเทพมหานคร ,ตลาด พื้นที่เกินกว่า 1000 ตารางเมตรขึ้นไป  ,3800 , พื้นที่ของแต่ละอาคาร
กรุงเทพมหานคร ,อาคารพาณิชย์ ประเภทโฮมออฟฟิศ ,9150 ,
กรุงเทพมหานคร ,โรงงานซ่อมรถยนต์ ,5650 ,
กระบี่ ,ประเภทบ้านเดี่ยว ,7250 ,
กระบี่ ,ประเภทบ้านแถว (ทาวน์เฮาส์) ,7550 ,
กระบี่ ,ประเภทห้องแถว ,7200 ,
กระบี่ ,ประเภทตึกแถว ,8100 ,
กระบี่ ,คลังสินค้า พื้นที่ไม่เกิน 300 ตารางเมตร ,5800 ,
กระบี่ ,คลังสินค้า พื้นที่เกินกว่า 300 ตารางเมตรขึ้นไป ,3600 ,
กระบี่ ,สถานศึกษา ,7650 ,
กระบี่ ,โรงแรม ความสูงไม่เกิน 5 ชั้น ,9750 ,
กระบี่ ,โรงแรม ความสูงเกินกว่า 5 ชั้นขึ้นไป ,10500 ,
กระบี่ ,โรงมหรสพ ,8300 ,
กระบี่ ,สถานพยาบาล ,9600 ,
กระบี่ ,สำนักงาน ความสูงไม่เกิน 5 ชั้น ,7600 ,
กระบี่ ,สำนักงาน ความสูงเกินกว่า 5 ชั้นขึ้นไป ,9000 ,
กระบี่ ,ภัตตาคาร  ,7050 ,
กระบี่ ,ห้างสรรพสินค้า ,9650 ,
กระบี่ ,อาคารพาณิชยกรรม ประเภทค้าปลีกค้าส่ง ,8300 ,
กระบี่ ,สถานีบริการน้ำมันเชื้อเพลิง ,5650 , พื้นที่อาคารและบริเวณหัวจ่าย
กระบี่ ,โรงงาน ,6300 ,
กระบี่ ,ตลาด พื้นที่ไม่เกิน 1000 ตารางเมตร  ,3750 , พื้นที่ของแต่ละอาคาร
กระบี่ ,ตลาด พื้นที่เกินกว่า 1000 ตารางเมตรขึ้นไป  ,3950 , พื้นที่ของแต่ละอาคาร
กระบี่ ,อาคารพาณิชย์ ประเภทโฮมออฟฟิศ ,9100 ,
กระบี่ ,โรงงานซ่อมรถยนต์ ,5800 ,
กาญจนบุรี ,ประเภทบ้านเดี่ยว ,6600 ,
กาญจนบุรี ,ประเภทบ้านแถว (ทาวน์เฮาส์) ,6600 ,
กาญจนบุรี ,ประเภทห้องแถว ,6400 ,
กาญจนบุรี ,ประเภทตึกแถว ,7400 ,
กาญจนบุรี ,คลังสินค้า พื้นที่ไม่เกิน 300 ตารางเมตร ,5350 ,
กาญจนบุรี ,คลังสินค้า พื้นที่เกินกว่า 300 ตารางเมตรขึ้นไป ,3350 ,
กาญจนบุรี ,สถานศึกษา ,6900 ,
กาญจนบุรี ,โรงแรม ความสูงไม่เกิน 5 ชั้น ,9750 ,
กาญจนบุรี ,โรงแรม ความสูงเกินกว่า 5 ชั้นขึ้นไป ,9900 ,
กาญจนบุรี ,โรงมหรสพ ,7700 ,
กาญจนบุรี ,สถานพยาบาล ,9350 ,
กาญจนบุรี ,สำนักงาน ความสูงไม่เกิน 5 ชั้น ,6900 ,
กาญจนบุรี ,สำนักงาน ความสูงเกินกว่า 5 ชั้นขึ้นไป ,9000 ,
กาญจนบุรี ,ภัตตาคาร  ,6350 ,
กาญจนบุรี ,ห้างสรรพสินค้า ,9150 ,
กาญจนบุรี ,อาคารพาณิชยกรรม ประเภทค้าปลีกค้าส่ง ,7700 ,
กาญจนบุรี ,สถานีบริการน้ำมันเชื้อเพลิง ,5000 , พื้นที่อาคารและบริเวณหัวจ่าย
กาญจนบุรี ,โรงงาน ,5500 ,
กาญจนบุรี ,ตลาด พื้นที่ไม่เกิน 1000 ตารางเมตร  ,3450 , พื้นที่ของแต่ละอาคาร
กาญจนบุรี ,ตลาด พื้นที่เกินกว่า 1000 ตารางเมตรขึ้นไป  ,3700 , พื้นที่ของแต่ละอาคาร
กาญจนบุรี ,อาคารพาณิชย์ ประเภทโฮมออฟฟิศ ,8450 ,
กาญจนบุรี ,โรงงานซ่อมรถยนต์ ,5500 ,
กาฬสินธุ์ ,ประเภทบ้านเดี่ยว ,6950 ,
กาฬสินธุ์ ,ประเภทบ้านแถว (ทาวน์เฮาส์) ,7200 ,
กาฬสินธุ์ ,ประเภทห้องแถว ,6500 ,
กาฬสินธุ์ ,ประเภทตึกแถว ,7900 ,
กาฬสินธุ์ ,คลังสินค้า พื้นที่ไม่เกิน 300 ตารางเมตร ,5700 ,
กาฬสินธุ์ ,คลังสินค้า พื้นที่เกินกว่า 300 ตารางเมตรขึ้นไป ,3400 ,
กาฬสินธุ์ ,สถานศึกษา ,7300 ,
กาฬสินธุ์ ,โรงแรม ความสูงไม่เกิน 5 ชั้น ,9550 ,
กาฬสินธุ์ ,โรงแรม ความสูงเกินกว่า 5 ชั้นขึ้นไป ,10500 ,
กาฬสินธุ์ ,โรงมหรสพ ,7950 ,
กาฬสินธุ์ ,สถานพยาบาล ,9350 ,
กาฬสินธุ์ ,สำนักงาน ความสูงไม่เกิน 5 ชั้น ,7600 ,
กาฬสินธุ์ ,สำนักงาน ความสูงเกินกว่า 5 ชั้นขึ้นไป ,8750 ,
กาฬสินธุ์ ,ภัตตาคาร  ,6900 ,
กาฬสินธุ์ ,ห้างสรรพสินค้า ,9350 ,
กาฬสินธุ์ ,อาคารพาณิชยกรรม ประเภทค้าปลีกค้าส่ง ,8100 ,
กาฬสินธุ์ ,สถานีบริการน้ำมันเชื้อเพลิง ,5300 , พื้นที่อาคารและบริเวณหัวจ่าย
กาฬสินธุ์ ,โรงงาน ,5700 ,
กาฬสินธุ์ ,ตลาด พื้นที่ไม่เกิน 1000 ตารางเมตร  ,3500 , พื้นที่ของแต่ละอาคาร
กาฬสินธุ์ ,ตลาด พื้นที่เกินกว่า 1000 ตารางเมตรขึ้นไป  ,3850 , พื้นที่ของแต่ละอาคาร
กาฬสินธุ์ ,อาคารพาณิชย์ ประเภทโฮมออฟฟิศ ,9000 ,
กาฬสินธุ์ ,โรงงานซ่อมรถยนต์ ,5450 ,
กำแพงเพชร ,ประเภทบ้านเดี่ยว ,6500 ,
กำแพงเพชร ,ประเภทบ้านแถว (ทาวน์เฮาส์) ,6450 ,
กำแพงเพชร ,ประเภทห้องแถว ,6450 ,
กำแพงเพชร ,ประเภทตึกแถว ,6900 ,
กำแพงเพชร ,คลังสินค้า พื้นที่ไม่เกิน 300 ตารางเมตร ,5200 ,
กำแพงเพชร ,คลังสินค้า พื้นที่เกินกว่า 300 ตารางเมตรขึ้นไป ,3150 ,
กำแพงเพชร ,สถานศึกษา ,6550 ,
กำแพงเพชร ,โรงแรม ความสูงไม่เกิน 5 ชั้น ,9000 ,
กำแพงเพชร ,โรงแรม ความสูงเกินกว่า 5 ชั้นขึ้นไป ,9400 ,
กำแพงเพชร ,โรงมหรสพ ,7150 ,
กำแพงเพชร ,สถานพยาบาล ,8600 ,
กำแพงเพชร ,สำนักงาน ความสูงไม่เกิน 5 ชั้น ,6850 ,
กำแพงเพชร ,สำนักงาน ความสูงเกินกว่า 5 ชั้นขึ้นไป ,8100 ,
กำแพงเพชร ,ภัตตาคาร  ,6250 ,
กำแพงเพชร ,ห้างสรรพสินค้า ,8800 ,
กำแพงเพชร ,อาคารพาณิชยกรรม ประเภทค้าปลีกค้าส่ง ,7450 ,
กำแพงเพชร ,สถานีบริการน้ำมันเชื้อเพลิง ,5050 , พื้นที่อาคารและบริเวณหัวจ่าย
กำแพงเพชร ,โรงงาน ,5450 ,
กำแพงเพชร ,ตลาด พื้นที่ไม่เกิน 1000 ตารางเมตร  ,3350 , พื้นที่ของแต่ละอาคาร
กำแพงเพชร ,ตลาด พื้นที่เกินกว่า 1000 ตารางเมตรขึ้นไป  ,3500 , พื้นที่ของแต่ละอาคาร
กำแพงเพชร ,อาคารพาณิชย์ ประเภทโฮมออฟฟิศ ,8300 ,
กำแพงเพชร ,โรงงานซ่อมรถยนต์ ,5050 ,
ขอนแก่น ,ประเภทบ้านเดี่ยว ,6850 ,
ขอนแก่น ,ประเภทบ้านแถว (ทาวน์เฮาส์) ,7100 ,
ขอนแก่น ,ประเภทห้องแถว ,6700 ,
ขอนแก่น ,ประเภทตึกแถว ,7400 ,
ขอนแก่น ,คลังสินค้า พื้นที่ไม่เกิน 300 ตารางเมตร ,5350 ,
ขอนแก่น ,คลังสินค้า พื้นที่เกินกว่า 300 ตารางเมตรขึ้นไป ,3350 ,
ขอนแก่น ,สถานศึกษา ,7250 ,
ขอนแก่น ,โรงแรม ความสูงไม่เกิน 5 ชั้น ,9300 ,
ขอนแก่น ,โรงแรม ความสูงเกินกว่า 5 ชั้นขึ้นไป ,9900 ,
ขอนแก่น ,โรงมหรสพ ,7950 ,
ขอนแก่น ,สถานพยาบาล ,9250 ,
ขอนแก่น ,สำนักงาน ความสูงไม่เกิน 5 ชั้น ,7200 ,
ขอนแก่น ,สำนักงาน ความสูงเกินกว่า 5 ชั้นขึ้นไป ,8500 ,
ขอนแก่น ,ภัตตาคาร  ,6650 ,
ขอนแก่น ,ห้างสรรพสินค้า ,9150 ,
ขอนแก่น ,อาคารพาณิชยกรรม ประเภทค้าปลีกค้าส่ง ,7800 ,
ขอนแก่น ,สถานีบริการน้ำมันเชื้อเพลิง ,5400 , พื้นที่อาคารและบริเวณหัวจ่าย
ขอนแก่น ,โรงงาน ,6050 ,
ขอนแก่น ,ตลาด พื้นที่ไม่เกิน 1000 ตารางเมตร  ,3550 , พื้นที่ของแต่ละอาคาร
ขอนแก่น ,ตลาด พื้นที่เกินกว่า 1000 ตารางเมตรขึ้นไป  ,3800 , พื้นที่ของแต่ละอาคาร
ขอนแก่น ,อาคารพาณิชย์ ประเภทโฮมออฟฟิศ ,8800 ,
ขอนแก่น ,โรงงานซ่อมรถยนต์ ,5650 ,
จันทบุรี ,ประเภทบ้านเดี่ยว ,7350 ,
จันทบุรี ,ประเภทบ้านแถว (ทาวน์เฮาส์) ,7300 ,
จันทบุรี ,ประเภทห้องแถว ,7050 ,
จันทบุรี ,ประเภทตึกแถว ,7700 ,
จันทบุรี ,คลังสินค้า พื้นที่ไม่เกิน 300 ตารางเมตร ,5500 ,
จันทบุรี ,คลังสินค้า พื้นที่เกินกว่า 300 ตารางเมตรขึ้นไป ,3400 ,
จันทบุรี ,สถานศึกษา ,7600 ,
จันทบุรี ,โรงแรม ความสูงไม่เกิน 5 ชั้น ,9400 ,
จันทบุรี ,โรงแรม ความสูงเกินกว่า 5 ชั้นขึ้นไป ,9950 ,
จันทบุรี ,โรงมหรสพ ,7950 ,
จันทบุรี ,สถานพยาบาล ,9400 ,
จันทบุรี ,สำนักงาน ความสูงไม่เกิน 5 ชั้น ,7550 ,
จันทบุรี ,สำนักงาน ความสูงเกินกว่า 5 ชั้นขึ้นไป ,8450 ,
จันทบุรี ,ภัตตาคาร  ,6550 ,
จันทบุรี ,ห้างสรรพสินค้า ,9150 ,
จันทบุรี ,อาคารพาณิชยกรรม ประเภทค้าปลีกค้าส่ง ,7950 ,
จันทบุรี ,สถานีบริการน้ำมันเชื้อเพลิง ,5400 , พื้นที่อาคารและบริเวณหัวจ่าย
จันทบุรี ,โรงงาน ,6150 ,
จันทบุรี ,ตลาด พื้นที่ไม่เกิน 1000 ตารางเมตร  ,3550 , พื้นที่ของแต่ละอาคาร
จันทบุรี ,ตลาด พื้นที่เกินกว่า 1000 ตารางเมตรขึ้นไป  ,3800 , พื้นที่ของแต่ละอาคาร
จันทบุรี ,อาคารพาณิชย์ ประเภทโฮมออฟฟิศ ,8950 ,
จันทบุรี ,โรงงานซ่อมรถยนต์ ,5600 ,
ฉะเชิงเทรา ,ประเภทบ้านเดี่ยว ,6800 ,
ฉะเชิงเทรา ,ประเภทบ้านแถว (ทาวน์เฮาส์) ,7100 ,
ฉะเชิงเทรา ,ประเภทห้องแถว ,6750 ,
ฉะเชิงเทรา ,ประเภทตึกแถว ,7350 ,
ฉะเชิงเทรา ,คลังสินค้า พื้นที่ไม่เกิน 300 ตารางเมตร ,5650 ,
ฉะเชิงเทรา ,คลังสินค้า พื้นที่เกินกว่า 300 ตารางเมตรขึ้นไป ,3550 ,
ฉะเชิงเทรา ,สถานศึกษา ,7300 ,
ฉะเชิงเทรา ,โรงแรม ความสูงไม่เกิน 5 ชั้น ,9350 ,
ฉะเชิงเทรา ,โรงแรม ความสูงเกินกว่า 5 ชั้นขึ้นไป ,10000 ,
ฉะเชิงเทรา ,โรงมหรสพ ,8000 ,
ฉะเชิงเทรา ,สถานพยาบาล ,9150 ,
ฉะเชิงเทรา ,สำนักงาน ความสูงไม่เกิน 5 ชั้น ,7300 ,
ฉะเชิงเทรา ,สำนักงาน ความสูงเกินกว่า 5 ชั้นขึ้นไป ,9200 ,
ฉะเชิงเทรา ,ภัตตาคาร  ,6750 ,
ฉะเชิงเทรา ,ห้างสรรพสินค้า ,9450 ,
ฉะเชิงเทรา ,อาคารพาณิชยกรรม ประเภทค้าปลีกค้าส่ง ,7900 ,
ฉะเชิงเทรา ,สถานีบริการน้ำมันเชื้อเพลิง ,5700 , พื้นที่อาคารและบริเวณหัวจ่าย
ฉะเชิงเทรา ,โรงงาน ,6300 ,
ฉะเชิงเทรา ,ตลาด พื้นที่ไม่เกิน 1000 ตารางเมตร  ,3700 , พื้นที่ของแต่ละอาคาร
ฉะเชิงเทรา ,ตลาด พื้นที่เกินกว่า 1000 ตารางเมตรขึ้นไป  ,3800 , พื้นที่ของแต่ละอาคาร
ฉะเชิงเทรา ,อาคารพาณิชย์ ประเภทโฮมออฟฟิศ ,8750 ,
ฉะเชิงเทรา ,โรงงานซ่อมรถยนต์ ,5650 ,
ชลบุรี ,ประเภทบ้านเดี่ยว ,7250 ,
ชลบุรี ,ประเภทบ้านแถว (ทาวน์เฮาส์) ,7100 ,
ชลบุรี ,ประเภทห้องแถว ,6800 ,
ชลบุรี ,ประเภทตึกแถว ,7500 ,
ชลบุรี ,คลังสินค้า พื้นที่ไม่เกิน 300 ตารางเมตร ,5450 ,
ชลบุรี ,คลังสินค้า พื้นที่เกินกว่า 300 ตารางเมตรขึ้นไป ,3350 ,
ชลบุรี ,สถานศึกษา ,7300 ,
ชลบุรี ,โรงแรม ความสูงไม่เกิน 5 ชั้น ,9050 ,
ชลบุรี ,โรงแรม ความสูงเกินกว่า 5 ชั้นขึ้นไป ,9900 ,
ชลบุรี ,โรงมหรสพ ,7800 ,
ชลบุรี ,สถานพยาบาล ,9050 ,
ชลบุรี ,สำนักงาน ความสูงไม่เกิน 5 ชั้น ,7200 ,
ชลบุรี ,สำนักงาน ความสูงเกินกว่า 5 ชั้นขึ้นไป ,8500 ,
ชลบุรี ,ภัตตาคาร  ,6450 ,
ชลบุรี ,ห้างสรรพสินค้า ,9050 ,
ชลบุรี ,อาคารพาณิชยกรรม ประเภทค้าปลีกค้าส่ง ,7800 ,
ชลบุรี ,สถานีบริการน้ำมันเชื้อเพลิง ,5300 , พื้นที่อาคารและบริเวณหัวจ่าย
ชลบุรี ,โรงงาน ,6000 ,
ชลบุรี ,ตลาด พื้นที่ไม่เกิน 1000 ตารางเมตร  ,3450 , พื้นที่ของแต่ละอาคาร
ชลบุรี ,ตลาด พื้นที่เกินกว่า 1000 ตารางเมตรขึ้นไป  ,3750 , พื้นที่ของแต่ละอาคาร
ชลบุรี ,อาคารพาณิชย์ ประเภทโฮมออฟฟิศ ,8550 ,
ชลบุรี ,โรงงานซ่อมรถยนต์ ,5550 ,
ชัยนาท ,ประเภทบ้านเดี่ยว ,6650 ,
ชัยนาท ,ประเภทบ้านแถว (ทาวน์เฮาส์) ,6600 ,
ชัยนาท ,ประเภทห้องแถว ,6850 ,
ชัยนาท ,ประเภทตึกแถว ,7450 ,
ชัยนาท ,คลังสินค้า พื้นที่ไม่เกิน 300 ตารางเมตร ,5650 ,
ชัยนาท ,คลังสินค้า พื้นที่เกินกว่า 300 ตารางเมตรขึ้นไป ,3450 ,
ชัยนาท ,สถานศึกษา ,6900 ,
ชัยนาท ,โรงแรม ความสูงไม่เกิน 5 ชั้น ,9200 ,
ชัยนาท ,โรงแรม ความสูงเกินกว่า 5 ชั้นขึ้นไป ,9900 ,
ชัยนาท ,โรงมหรสพ ,7650 ,
ชัยนาท ,สถานพยาบาล ,9100 ,
ชัยนาท ,สำนักงาน ความสูงไม่เกิน 5 ชั้น ,7100 ,
ชัยนาท ,สำนักงาน ความสูงเกินกว่า 5 ชั้นขึ้นไป ,8350 ,
ชัยนาท ,ภัตตาคาร  ,6400 ,
ชัยนาท ,ห้างสรรพสินค้า ,9400 ,
ชัยนาท ,อาคารพาณิชยกรรม ประเภทค้าปลีกค้าส่ง ,8000 ,
ชัยนาท ,สถานีบริการน้ำมันเชื้อเพลิง ,5350 , พื้นที่อาคารและบริเวณหัวจ่าย
ชัยนาท ,โรงงาน ,6000 ,
ชัยนาท ,ตลาด พื้นที่ไม่เกิน 1000 ตารางเมตร  ,3550 , พื้นที่ของแต่ละอาคาร
ชัยนาท ,ตลาด พื้นที่เกินกว่า 1000 ตารางเมตรขึ้นไป  ,3750 , พื้นที่ของแต่ละอาคาร
ชัยนาท ,อาคารพาณิชย์ ประเภทโฮมออฟฟิศ ,8550 ,
ชัยนาท ,โรงงานซ่อมรถยนต์ ,5550 ,
ชัยภูมิ ,ประเภทบ้านเดี่ยว ,6500 ,
ชัยภูมิ ,ประเภทบ้านแถว (ทาวน์เฮาส์) ,6800 ,
ชัยภูมิ ,ประเภทห้องแถว ,6300 ,
ชัยภูมิ ,ประเภทตึกแถว ,7350 ,
ชัยภูมิ ,คลังสินค้า พื้นที่ไม่เกิน 300 ตารางเมตร ,5500 ,
ชัยภูมิ ,คลังสินค้า พื้นที่เกินกว่า 300 ตารางเมตรขึ้นไป ,3350 ,
ชัยภูมิ ,สถานศึกษา ,7050 ,
ชัยภูมิ ,โรงแรม ความสูงไม่เกิน 5 ชั้น ,8950 ,
ชัยภูมิ ,โรงแรม ความสูงเกินกว่า 5 ชั้นขึ้นไป ,9600 ,
ชัยภูมิ ,โรงมหรสพ ,7650 ,
ชัยภูมิ ,สถานพยาบาล ,8850 ,
ชัยภูมิ ,สำนักงาน ความสูงไม่เกิน 5 ชั้น ,6950 ,
ชัยภูมิ ,สำนักงาน ความสูงเกินกว่า 5 ชั้นขึ้นไป ,8250 ,
ชัยภูมิ ,ภัตตาคาร  ,6300 ,
ชัยภูมิ ,ห้างสรรพสินค้า ,8900 ,
ชัยภูมิ ,อาคารพาณิชยกรรม ประเภทค้าปลีกค้าส่ง ,7650 ,
ชัยภูมิ ,สถานีบริการน้ำมันเชื้อเพลิง ,5150 , พื้นที่อาคารและบริเวณหัวจ่าย
ชัยภูมิ ,โรงงาน ,5850 ,
ชัยภูมิ ,ตลาด พื้นที่ไม่เกิน 1000 ตารางเมตร  ,3450 , พื้นที่ของแต่ละอาคาร
ชัยภูมิ ,ตลาด พื้นที่เกินกว่า 1000 ตารางเมตรขึ้นไป  ,3650 , พื้นที่ของแต่ละอาคาร
ชัยภูมิ ,อาคารพาณิชย์ ประเภทโฮมออฟฟิศ ,8500 ,
ชัยภูมิ ,โรงงานซ่อมรถยนต์ ,5400 ,
ชุมพร ,ประเภทบ้านเดี่ยว ,6700 ,
ชุมพร ,ประเภทบ้านแถว (ทาวน์เฮาส์) ,7050 ,
ชุมพร ,ประเภทห้องแถว ,6500 ,
ชุมพร ,ประเภทตึกแถว ,7650 ,
ชุมพร ,คลังสินค้า พื้นที่ไม่เกิน 300 ตารางเมตร ,5500 ,
ชุมพร ,คลังสินค้า พื้นที่เกินกว่า 300 ตารางเมตรขึ้นไป ,3400 ,
ชุมพร ,สถานศึกษา ,7050 ,
ชุมพร ,โรงแรม ความสูงไม่เกิน 5 ชั้น ,9350 ,
ชุมพร ,โรงแรม ความสูงเกินกว่า 5 ชั้นขึ้นไป ,9750 ,
ชุมพร ,โรงมหรสพ ,7550 ,
ชุมพร ,สถานพยาบาล ,9200 ,
ชุมพร ,สำนักงาน ความสูงไม่เกิน 5 ชั้น ,7200 ,
ชุมพร ,สำนักงาน ความสูงเกินกว่า 5 ชั้นขึ้นไป ,8650 ,
ชุมพร ,ภัตตาคาร  ,6750 ,
ชุมพร ,ห้างสรรพสินค้า ,9400 ,
ชุมพร ,อาคารพาณิชยกรรม ประเภทค้าปลีกค้าส่ง ,7800 ,
ชุมพร ,สถานีบริการน้ำมันเชื้อเพลิง ,5600 , พื้นที่อาคารและบริเวณหัวจ่าย
ชุมพร ,โรงงาน ,6050 ,
ชุมพร ,ตลาด พื้นที่ไม่เกิน 1000 ตารางเมตร  ,3500 , พื้นที่ของแต่ละอาคาร
ชุมพร ,ตลาด พื้นที่เกินกว่า 1000 ตารางเมตรขึ้นไป  ,3750 , พื้นที่ของแต่ละอาคาร
ชุมพร ,อาคารพาณิชย์ ประเภทโฮมออฟฟิศ ,8750 ,
ชุมพร ,โรงงานซ่อมรถยนต์ ,5850 ,
เชียงราย ,ประเภทบ้านเดี่ยว ,6750 ,
เชียงราย ,ประเภทบ้านแถว (ทาวน์เฮาส์) ,6800 ,
เชียงราย ,ประเภทห้องแถว ,6600 ,
เชียงราย ,ประเภทตึกแถว ,7150 ,
เชียงราย ,คลังสินค้า พื้นที่ไม่เกิน 300 ตารางเมตร ,5500 ,
เชียงราย ,คลังสินค้า พื้นที่เกินกว่า 300 ตารางเมตรขึ้นไป ,3400 ,
เชียงราย ,สถานศึกษา ,6850 ,
เชียงราย ,โรงแรม ความสูงไม่เกิน 5 ชั้น ,9200 ,
เชียงราย ,โรงแรม ความสูงเกินกว่า 5 ชั้นขึ้นไป ,9700 ,
เชียงราย ,โรงมหรสพ ,7800 ,
เชียงราย ,สถานพยาบาล ,9000 ,
เชียงราย ,สำนักงาน ความสูงไม่เกิน 5 ชั้น ,7200 ,
เชียงราย ,สำนักงาน ความสูงเกินกว่า 5 ชั้นขึ้นไป ,8500 ,
เชียงราย ,ภัตตาคาร  ,6600 ,
เชียงราย ,ห้างสรรพสินค้า ,9350 ,
เชียงราย ,อาคารพาณิชยกรรม ประเภทค้าปลีกค้าส่ง ,7850 ,
เชียงราย ,สถานีบริการน้ำมันเชื้อเพลิง ,5650 , พื้นที่อาคารและบริเวณหัวจ่าย
เชียงราย ,โรงงาน ,6100 ,
เชียงราย ,ตลาด พื้นที่ไม่เกิน 1000 ตารางเมตร  ,3600 , พื้นที่ของแต่ละอาคาร
เชียงราย ,ตลาด พื้นที่เกินกว่า 1000 ตารางเมตรขึ้นไป  ,3800 , พื้นที่ของแต่ละอาคาร
เชียงราย ,อาคารพาณิชย์ ประเภทโฮมออฟฟิศ ,8500 ,
เชียงราย ,โรงงานซ่อมรถยนต์ ,5600 ,
เชียงใหม่ ,ประเภทบ้านเดี่ยว ,6750 ,
เชียงใหม่ ,ประเภทบ้านแถว (ทาวน์เฮาส์) ,7150 ,
เชียงใหม่ ,ประเภทห้องแถว ,7400 ,
เชียงใหม่ ,ประเภทตึกแถว ,7300 ,
เชียงใหม่ ,คลังสินค้า พื้นที่ไม่เกิน 300 ตารางเมตร ,5650 ,
เชียงใหม่ ,คลังสินค้า พื้นที่เกินกว่า 300 ตารางเมตรขึ้นไป ,3450 ,
เชียงใหม่ ,สถานศึกษา ,7300 ,
เชียงใหม่ ,โรงแรม ความสูงไม่เกิน 5 ชั้น ,9650 ,
เชียงใหม่ ,โรงแรม ความสูงเกินกว่า 5 ชั้นขึ้นไป ,10000 ,
เชียงใหม่ ,โรงมหรสพ ,7900 ,
เชียงใหม่ ,สถานพยาบาล ,9150 ,
เชียงใหม่ ,สำนักงาน ความสูงไม่เกิน 5 ชั้น ,7000 ,
เชียงใหม่ ,สำนักงาน ความสูงเกินกว่า 5 ชั้นขึ้นไป ,8950 ,
เชียงใหม่ ,ภัตตาคาร  ,6650 ,
เชียงใหม่ ,ห้างสรรพสินค้า ,9450 ,
เชียงใหม่ ,อาคารพาณิชยกรรม ประเภทค้าปลีกค้าส่ง ,7850 ,
เชียงใหม่ ,สถานีบริการน้ำมันเชื้อเพลิง ,5400 , พื้นที่อาคารและบริเวณหัวจ่าย
เชียงใหม่ ,โรงงาน ,6100 ,
เชียงใหม่ ,ตลาด พื้นที่ไม่เกิน 1000 ตารางเมตร  ,3600 , พื้นที่ของแต่ละอาคาร
เชียงใหม่ ,ตลาด พื้นที่เกินกว่า 1000 ตารางเมตรขึ้นไป  ,3700 , พื้นที่ของแต่ละอาคาร
เชียงใหม่ ,อาคารพาณิชย์ ประเภทโฮมออฟฟิศ ,9000 ,
เชียงใหม่ ,โรงงานซ่อมรถยนต์ ,5550 ,
ตรัง ,ประเภทบ้านเดี่ยว ,7200 ,
ตรัง ,ประเภทบ้านแถว (ทาวน์เฮาส์) ,7150 ,
ตรัง ,ประเภทห้องแถว ,6750 ,
ตรัง ,ประเภทตึกแถว ,7850 ,
ตรัง ,คลังสินค้า พื้นที่ไม่เกิน 300 ตารางเมตร ,5800 ,
ตรัง ,คลังสินค้า พื้นที่เกินกว่า 300 ตารางเมตรขึ้นไป ,3550 ,
ตรัง ,สถานศึกษา ,7350 ,
ตรัง ,โรงแรม ความสูงไม่เกิน 5 ชั้น ,9550 ,
ตรัง ,โรงแรม ความสูงเกินกว่า 5 ชั้นขึ้นไป ,10000 ,
ตรัง ,โรงมหรสพ ,8150 ,
ตรัง ,สถานพยาบาล ,9550 ,
ตรัง ,สำนักงาน ความสูงไม่เกิน 5 ชั้น ,7350 ,
ตรัง ,สำนักงาน ความสูงเกินกว่า 5 ชั้นขึ้นไป ,8450 ,
ตรัง ,ภัตตาคาร  ,6800 ,
ตรัง ,ห้างสรรพสินค้า ,9300 ,
ตรัง ,อาคารพาณิชยกรรม ประเภทค้าปลีกค้าส่ง ,8000 ,
ตรัง ,สถานีบริการน้ำมันเชื้อเพลิง ,5300 , พื้นที่อาคารและบริเวณหัวจ่าย
ตรัง ,โรงงาน ,5950 ,
ตรัง ,ตลาด พื้นที่ไม่เกิน 1000 ตารางเมตร  ,3700 , พื้นที่ของแต่ละอาคาร
ตรัง ,ตลาด พื้นที่เกินกว่า 1000 ตารางเมตรขึ้นไป  ,3850 , พื้นที่ของแต่ละอาคาร
ตรัง ,อาคารพาณิชย์ ประเภทโฮมออฟฟิศ ,8800 ,
ตรัง ,โรงงานซ่อมรถยนต์ ,5650 ,
ตราด ,ประเภทบ้านเดี่ยว ,6550 ,
ตราด ,ประเภทบ้านแถว (ทาวน์เฮาส์) ,6750 ,
ตราด ,ประเภทห้องแถว ,6700 ,
ตราด ,ประเภทตึกแถว ,7650 ,
ตราด ,คลังสินค้า พื้นที่ไม่เกิน 300 ตารางเมตร ,5500 ,
ตราด ,คลังสินค้า พื้นที่เกินกว่า 300 ตารางเมตรขึ้นไป ,3350 ,
ตราด ,สถานศึกษา ,7050 ,
ตราด ,โรงแรม ความสูงไม่เกิน 5 ชั้น ,8950 ,
ตราด ,โรงแรม ความสูงเกินกว่า 5 ชั้นขึ้นไป ,9750 ,
ตราด ,โรงมหรสพ ,7700 ,
ตราด ,สถานพยาบาล ,9100 ,
ตราด ,สำนักงาน ความสูงไม่เกิน 5 ชั้น ,6950 ,
ตราด ,สำนักงาน ความสูงเกินกว่า 5 ชั้นขึ้นไป ,8450 ,
ตราด ,ภัตตาคาร  ,6400 ,
ตราด ,ห้างสรรพสินค้า ,8850 ,
ตราด ,อาคารพาณิชยกรรม ประเภทค้าปลีกค้าส่ง ,7550 ,
ตราด ,สถานีบริการน้ำมันเชื้อเพลิง ,5300 , พื้นที่อาคารและบริเวณหัวจ่าย
ตราด ,โรงงาน ,5900 ,
ตราด ,ตลาด พื้นที่ไม่เกิน 1000 ตารางเมตร  ,3500 , พื้นที่ของแต่ละอาคาร
ตราด ,ตลาด พื้นที่เกินกว่า 1000 ตารางเมตรขึ้นไป  ,3700 , พื้นที่ของแต่ละอาคาร
ตราด ,อาคารพาณิชย์ ประเภทโฮมออฟฟิศ ,8400 ,
ตราด ,โรงงานซ่อมรถยนต์ ,5500 ,
ตาก ,ประเภทบ้านเดี่ยว ,6550 ,
ตาก ,ประเภทบ้านแถว (ทาวน์เฮาส์) ,6550 ,
ตาก ,ประเภทห้องแถว ,6500 ,
ตาก ,ประเภทตึกแถว ,6950 ,
ตาก ,คลังสินค้า พื้นที่ไม่เกิน 300 ตารางเมตร ,5300 ,
ตาก ,คลังสินค้า พื้นที่เกินกว่า 300 ตารางเมตรขึ้นไป ,3200 ,
ตาก ,สถานศึกษา ,6600 ,
ตาก ,โรงแรม ความสูงไม่เกิน 5 ชั้น ,9050 ,
ตาก ,โรงแรม ความสูงเกินกว่า 5 ชั้นขึ้นไป ,9600 ,
ตาก ,โรงมหรสพ ,7250 ,
ตาก ,สถานพยาบาล ,8700 ,
ตาก ,สำนักงาน ความสูงไม่เกิน 5 ชั้น ,6950 ,
ตาก ,สำนักงาน ความสูงเกินกว่า 5 ชั้นขึ้นไป ,8150 ,
ตาก ,ภัตตาคาร  ,6400 ,
ตาก ,ห้างสรรพสินค้า ,8950 ,
ตาก ,อาคารพาณิชยกรรม ประเภทค้าปลีกค้าส่ง ,7500 ,
ตาก ,สถานีบริการน้ำมันเชื้อเพลิง ,5200 , พื้นที่อาคารและบริเวณหัวจ่าย
ตาก ,โรงงาน ,5500 ,
ตาก ,ตลาด พื้นที่ไม่เกิน 1000 ตารางเมตร  ,3450 , พื้นที่ของแต่ละอาคาร
ตาก ,ตลาด พื้นที่เกินกว่า 1000 ตารางเมตรขึ้นไป  ,3550 , พื้นที่ของแต่ละอาคาร
ตาก ,อาคารพาณิชย์ ประเภทโฮมออฟฟิศ ,8400 ,
ตาก ,โรงงานซ่อมรถยนต์ ,5100 ,
นครนายก ,ประเภทบ้านเดี่ยว ,6800 ,
นครนายก ,ประเภทบ้านแถว (ทาวน์เฮาส์) ,6950 ,
นครนายก ,ประเภทห้องแถว ,6850 ,
นครนายก ,ประเภทตึกแถว ,7950 ,
นครนายก ,คลังสินค้า พื้นที่ไม่เกิน 300 ตารางเมตร ,5700 ,
นครนายก ,คลังสินค้า พื้นที่เกินกว่า 300 ตารางเมตรขึ้นไป ,3650 ,
นครนายก ,สถานศึกษา ,7400 ,
นครนายก ,โรงแรม ความสูงไม่เกิน 5 ชั้น ,9300 ,
นครนายก ,โรงแรม ความสูงเกินกว่า 5 ชั้นขึ้นไป ,10000 ,
นครนายก ,โรงมหรสพ ,8050 ,
นครนายก ,สถานพยาบาล ,9550 ,
นครนายก ,สำนักงาน ความสูงไม่เกิน 5 ชั้น ,7500 ,
นครนายก ,สำนักงาน ความสูงเกินกว่า 5 ชั้นขึ้นไป ,8650 ,
นครนายก ,ภัตตาคาร  ,7000 ,
นครนายก ,ห้างสรรพสินค้า ,9450 ,
นครนายก ,อาคารพาณิชยกรรม ประเภทค้าปลีกค้าส่ง ,8150 ,
นครนายก ,สถานีบริการน้ำมันเชื้อเพลิง ,5600 , พื้นที่อาคารและบริเวณหัวจ่าย
นครนายก ,โรงงาน ,6300 ,
นครนายก ,ตลาด พื้นที่ไม่เกิน 1000 ตารางเมตร  ,3500 , พื้นที่ของแต่ละอาคาร
นครนายก ,ตลาด พื้นที่เกินกว่า 1000 ตารางเมตรขึ้นไป  ,3850 , พื้นที่ของแต่ละอาคาร
นครนายก ,อาคารพาณิชย์ ประเภทโฮมออฟฟิศ ,8550 ,
นครนายก ,โรงงานซ่อมรถยนต์ ,6100 ,
นครปฐม ,ประเภทบ้านเดี่ยว ,6450 ,
นครปฐม ,ประเภทบ้านแถว (ทาวน์เฮาส์) ,6650 ,
นครปฐม ,ประเภทห้องแถว ,6850 ,
นครปฐม ,ประเภทตึกแถว ,7550 ,
นครปฐม ,คลังสินค้า พื้นที่ไม่เกิน 300 ตารางเมตร ,5400 ,
นครปฐม ,คลังสินค้า พื้นที่เกินกว่า 300 ตารางเมตรขึ้นไป ,3400 ,
นครปฐม ,สถานศึกษา ,7050 ,
นครปฐม ,โรงแรม ความสูงไม่เกิน 5 ชั้น ,8900 ,
นครปฐม ,โรงแรม ความสูงเกินกว่า 5 ชั้นขึ้นไป ,9650 ,
นครปฐม ,โรงมหรสพ ,7700 ,
นครปฐม ,สถานพยาบาล ,9100 ,
นครปฐม ,สำนักงาน ความสูงไม่เกิน 5 ชั้น ,6900 ,
นครปฐม ,สำนักงาน ความสูงเกินกว่า 5 ชั้นขึ้นไป ,8300 ,
นครปฐม ,ภัตตาคาร  ,6350 ,
นครปฐม ,ห้างสรรพสินค้า ,9000 ,
นครปฐม ,อาคารพาณิชยกรรม ประเภทค้าปลีกค้าส่ง ,7700 ,
นครปฐม ,สถานีบริการน้ำมันเชื้อเพลิง ,5250 , พื้นที่อาคารและบริเวณหัวจ่าย
นครปฐม ,โรงงาน ,5900 ,
นครปฐม ,ตลาด พื้นที่ไม่เกิน 1000 ตารางเมตร  ,3400 , พื้นที่ของแต่ละอาคาร
นครปฐม ,ตลาด พื้นที่เกินกว่า 1000 ตารางเมตรขึ้นไป  ,3700 , พื้นที่ของแต่ละอาคาร
นครปฐม ,อาคารพาณิชย์ ประเภทโฮมออฟฟิศ ,8400 ,
นครปฐม ,โรงงานซ่อมรถยนต์ ,5550 ,
นครพนม ,ประเภทบ้านเดี่ยว ,6700 ,
นครพนม ,ประเภทบ้านแถว (ทาวน์เฮาส์) ,6650 ,
นครพนม ,ประเภทห้องแถว ,6450 ,
นครพนม ,ประเภทตึกแถว ,7400 ,
นครพนม ,คลังสินค้า พื้นที่ไม่เกิน 300 ตารางเมตร ,5500 ,
นครพนม ,คลังสินค้า พื้นที่เกินกว่า 300 ตารางเมตรขึ้นไป ,3350 ,
นครพนม ,สถานศึกษา ,6800 ,
นครพนม ,โรงแรม ความสูงไม่เกิน 5 ชั้น ,9150 ,
นครพนม ,โรงแรม ความสูงเกินกว่า 5 ชั้นขึ้นไป ,9850 ,
นครพนม ,โรงมหรสพ ,7600 ,
นครพนม ,สถานพยาบาล ,8900 ,
นครพนม ,สำนักงาน ความสูงไม่เกิน 5 ชั้น ,7200 ,
นครพนม ,สำนักงาน ความสูงเกินกว่า 5 ชั้นขึ้นไป ,8450 ,
นครพนม ,ภัตตาคาร  ,6650 ,
นครพนม ,ห้างสรรพสินค้า ,8950 ,
นครพนม ,อาคารพาณิชยกรรม ประเภทค้าปลีกค้าส่ง ,7800 ,
นครพนม ,สถานีบริการน้ำมันเชื้อเพลิง ,5250 , พื้นที่อาคารและบริเวณหัวจ่าย
นครพนม ,โรงงาน ,5650 ,
นครพนม ,ตลาด พื้นที่ไม่เกิน 1000 ตารางเมตร  ,3450 , พื้นที่ของแต่ละอาคาร
นครพนม ,ตลาด พื้นที่เกินกว่า 1000 ตารางเมตรขึ้นไป  ,3700 , พื้นที่ของแต่ละอาคาร
นครพนม ,อาคารพาณิชย์ ประเภทโฮมออฟฟิศ ,8600 ,
นครพนม ,โรงงานซ่อมรถยนต์ ,5400 ,
นครราชสีมา ,ประเภทบ้านเดี่ยว ,6500 ,
นครราชสีมา ,ประเภทบ้านแถว (ทาวน์เฮาส์) ,6800 ,
นครราชสีมา ,ประเภทห้องแถว ,6400 ,
นครราชสีมา ,ประเภทตึกแถว ,7300 ,
นครราชสีมา ,คลังสินค้า พื้นที่ไม่เกิน 300 ตารางเมตร ,5400 ,
นครราชสีมา ,คลังสินค้า พื้นที่เกินกว่า 300 ตารางเมตรขึ้นไป ,3300 ,
นครราชสีมา ,สถานศึกษา ,7100 ,
นครราชสีมา ,โรงแรม ความสูงไม่เกิน 5 ชั้น ,9050 ,
นครราชสีมา ,โรงแรม ความสูงเกินกว่า 5 ชั้นขึ้นไป ,9400 ,
นครราชสีมา ,โรงมหรสพ ,7650 ,
นครราชสีมา ,สถานพยาบาล ,8850 ,
นครราชสีมา ,สำนักงาน ความสูงไม่เกิน 5 ชั้น ,7050 ,
นครราชสีมา ,สำนักงาน ความสูงเกินกว่า 5 ชั้นขึ้นไป ,8350 ,
นครราชสีมา ,ภัตตาคาร  ,6300 ,
นครราชสีมา ,ห้างสรรพสินค้า ,8850 ,
นครราชสีมา ,อาคารพาณิชยกรรม ประเภทค้าปลีกค้าส่ง ,7600 ,
นครราชสีมา ,สถานีบริการน้ำมันเชื้อเพลิง ,5100 , พื้นที่อาคารและบริเวณหัวจ่าย
นครราชสีมา ,โรงงาน ,5900 ,
นครราชสีมา ,ตลาด พื้นที่ไม่เกิน 1000 ตารางเมตร  ,3400 , พื้นที่ของแต่ละอาคาร
นครราชสีมา ,ตลาด พื้นที่เกินกว่า 1000 ตารางเมตรขึ้นไป  ,3800 , พื้นที่ของแต่ละอาคาร
นครราชสีมา ,อาคารพาณิชย์ ประเภทโฮมออฟฟิศ ,8450 ,
นครราชสีมา ,โรงงานซ่อมรถยนต์ ,5350 ,
นครศรีธรรมราช ,ประเภทบ้านเดี่ยว ,6750 ,
นครศรีธรรมราช ,ประเภทบ้านแถว (ทาวน์เฮาส์) ,6750 ,
นครศรีธรรมราช ,ประเภทห้องแถว ,6600 ,
นครศรีธรรมราช ,ประเภทตึกแถว ,7450 ,
นครศรีธรรมราช ,คลังสินค้า พื้นที่ไม่เกิน 300 ตารางเมตร ,5500 ,
นครศรีธรรมราช ,คลังสินค้า พื้นที่เกินกว่า 300 ตารางเมตรขึ้นไป ,3400 ,
นครศรีธรรมราช ,สถานศึกษา ,7050 ,
นครศรีธรรมราช ,โรงแรม ความสูงไม่เกิน 5 ชั้น ,9350 ,
นครศรีธรรมราช ,โรงแรม ความสูงเกินกว่า 5 ชั้นขึ้นไป ,9700 ,
นครศรีธรรมราช ,โรงมหรสพ ,7450 ,
นครศรีธรรมราช ,สถานพยาบาล ,9100 ,
นครศรีธรรมราช ,สำนักงาน ความสูงไม่เกิน 5 ชั้น ,6800 ,
นครศรีธรรมราช ,สำนักงาน ความสูงเกินกว่า 5 ชั้นขึ้นไป ,8500 ,
นครศรีธรรมราช ,ภัตตาคาร  ,6200 ,
นครศรีธรรมราช ,ห้างสรรพสินค้า ,9200 ,
นครศรีธรรมราช ,อาคารพาณิชยกรรม ประเภทค้าปลีกค้าส่ง ,7500 ,
นครศรีธรรมราช ,สถานีบริการน้ำมันเชื้อเพลิง ,5000 , พื้นที่อาคารและบริเวณหัวจ่าย
นครศรีธรรมราช ,โรงงาน ,5700 ,
นครศรีธรรมราช ,ตลาด พื้นที่ไม่เกิน 1000 ตารางเมตร  ,3450 , พื้นที่ของแต่ละอาคาร
นครศรีธรรมราช ,ตลาด พื้นที่เกินกว่า 1000 ตารางเมตรขึ้นไป  ,3600 , พื้นที่ของแต่ละอาคาร
นครศรีธรรมราช ,อาคารพาณิชย์ ประเภทโฮมออฟฟิศ ,8450 ,
นครศรีธรรมราช ,โรงงานซ่อมรถยนต์ ,5500 ,
นครสวรรค์ ,ประเภทบ้านเดี่ยว ,6500 ,
นครสวรรค์ ,ประเภทบ้านแถว (ทาวน์เฮาส์) ,6400 ,
นครสวรรค์ ,ประเภทห้องแถว ,6500 ,
นครสวรรค์ ,ประเภทตึกแถว ,6850 ,
นครสวรรค์ ,คลังสินค้า พื้นที่ไม่เกิน 300 ตารางเมตร ,5200 ,
นครสวรรค์ ,คลังสินค้า พื้นที่เกินกว่า 300 ตารางเมตรขึ้นไป ,3100 ,
นครสวรรค์ ,สถานศึกษา ,6500 ,
นครสวรรค์ ,โรงแรม ความสูงไม่เกิน 5 ชั้น ,8950 ,
นครสวรรค์ ,โรงแรม ความสูงเกินกว่า 5 ชั้นขึ้นไป ,9350 ,
นครสวรรค์ ,โรงมหรสพ ,7200 ,
นครสวรรค์ ,สถานพยาบาล ,8550 ,
นครสวรรค์ ,สำนักงาน ความสูงไม่เกิน 5 ชั้น ,6900 ,
นครสวรรค์ ,สำนักงาน ความสูงเกินกว่า 5 ชั้นขึ้นไป ,8100 ,
นครสวรรค์ ,ภัตตาคาร  ,6200 ,
นครสวรรค์ ,ห้างสรรพสินค้า ,8950 ,
นครสวรรค์ ,อาคารพาณิชยกรรม ประเภทค้าปลีกค้าส่ง ,7500 ,
นครสวรรค์ ,สถานีบริการน้ำมันเชื้อเพลิง ,5100 , พื้นที่อาคารและบริเวณหัวจ่าย
นครสวรรค์ ,โรงงาน ,5450 ,
นครสวรรค์ ,ตลาด พื้นที่ไม่เกิน 1000 ตารางเมตร  ,3350 , พื้นที่ของแต่ละอาคาร
นครสวรรค์ ,ตลาด พื้นที่เกินกว่า 1000 ตารางเมตรขึ้นไป  ,3500 , พื้นที่ของแต่ละอาคาร
นครสวรรค์ ,อาคารพาณิชย์ ประเภทโฮมออฟฟิศ ,8250 ,
นครสวรรค์ ,โรงงานซ่อมรถยนต์ ,5000 ,
นนทบุรี ,ประเภทบ้านเดี่ยว ,6750 ,
นนทบุรี ,ประเภทบ้านแถว (ทาวน์เฮาส์) ,6950 ,
นนทบุรี ,ประเภทห้องแถว ,6550 ,
นนทบุรี ,ประเภทตึกแถว ,7300 ,
นนทบุรี ,คลังสินค้า พื้นที่ไม่เกิน 300 ตารางเมตร ,5400 ,
นนทบุรี ,คลังสินค้า พื้นที่เกินกว่า 300 ตารางเมตรขึ้นไป ,3300 ,
นนทบุรี ,สถานศึกษา ,6950 ,
นนทบุรี ,โรงแรม ความสูงไม่เกิน 5 ชั้น ,9100 ,
นนทบุรี ,โรงแรม ความสูงเกินกว่า 5 ชั้นขึ้นไป ,9550 ,
นนทบุรี ,โรงมหรสพ ,7550 ,
นนทบุรี ,สถานพยาบาล ,8800 ,
นนทบุรี ,สำนักงาน ความสูงไม่เกิน 5 ชั้น ,7150 ,
นนทบุรี ,สำนักงาน ความสูงเกินกว่า 5 ชั้นขึ้นไป ,8100 ,
นนทบุรี ,ภัตตาคาร  ,6500 ,
นนทบุรี ,ห้างสรรพสินค้า ,9000 ,
นนทบุรี ,อาคารพาณิชยกรรม ประเภทค้าปลีกค้าส่ง ,7550 ,
นนทบุรี ,สถานีบริการน้ำมันเชื้อเพลิง ,5200 , พื้นที่อาคารและบริเวณหัวจ่าย
นนทบุรี ,โรงงาน ,5850 ,
นนทบุรี ,ตลาด พื้นที่ไม่เกิน 1000 ตารางเมตร  ,3500 , พื้นที่ของแต่ละอาคาร
นนทบุรี ,ตลาด พื้นที่เกินกว่า 1000 ตารางเมตรขึ้นไป  ,3700 , พื้นที่ของแต่ละอาคาร
นนทบุรี ,อาคารพาณิชย์ ประเภทโฮมออฟฟิศ ,8550 ,
นนทบุรี ,โรงงานซ่อมรถยนต์ ,5400 ,
นราธิวาส ,ประเภทบ้านเดี่ยว ,7000 ,
นราธิวาส ,ประเภทบ้านแถว (ทาวน์เฮาส์) ,7150 ,
นราธิวาส ,ประเภทห้องแถว ,6750 ,
นราธิวาส ,ประเภทตึกแถว ,8100 ,
นราธิวาส ,คลังสินค้า พื้นที่ไม่เกิน 300 ตารางเมตร ,5800 ,
นราธิวาส ,คลังสินค้า พื้นที่เกินกว่า 300 ตารางเมตรขึ้นไป ,3650 ,
นราธิวาส ,สถานศึกษา ,7650 ,
นราธิวาส ,โรงแรม ความสูงไม่เกิน 5 ชั้น ,9400 ,
นราธิวาส ,โรงแรม ความสูงเกินกว่า 5 ชั้นขึ้นไป ,10000 ,
นราธิวาส ,โรงมหรสพ ,8300 ,
นราธิวาส ,สถานพยาบาล ,9500 ,
นราธิวาส ,สำนักงาน ความสูงไม่เกิน 5 ชั้น ,7400 ,
นราธิวาส ,สำนักงาน ความสูงเกินกว่า 5 ชั้นขึ้นไป ,8750 ,
นราธิวาส ,ภัตตาคาร  ,6800 ,
นราธิวาส ,ห้างสรรพสินค้า ,9400 ,
นราธิวาส ,อาคารพาณิชยกรรม ประเภทค้าปลีกค้าส่ง ,8100 ,
นราธิวาส ,สถานีบริการน้ำมันเชื้อเพลิง ,5450 , พื้นที่อาคารและบริเวณหัวจ่าย
นราธิวาส ,โรงงาน ,6100 ,
นราธิวาส ,ตลาด พื้นที่ไม่เกิน 1000 ตารางเมตร  ,3550 , พื้นที่ของแต่ละอาคาร
นราธิวาส ,ตลาด พื้นที่เกินกว่า 1000 ตารางเมตรขึ้นไป  ,3850 , พื้นที่ของแต่ละอาคาร
นราธิวาส ,อาคารพาณิชย์ ประเภทโฮมออฟฟิศ ,8850 ,
นราธิวาส ,โรงงานซ่อมรถยนต์ ,6000 ,
น่าน ,ประเภทบ้านเดี่ยว ,6700 ,
น่าน ,ประเภทบ้านแถว (ทาวน์เฮาส์) ,6650 ,
น่าน ,ประเภทห้องแถว ,6550 ,
น่าน ,ประเภทตึกแถว ,7000 ,
น่าน ,คลังสินค้า พื้นที่ไม่เกิน 300 ตารางเมตร ,5450 ,
น่าน ,คลังสินค้า พื้นที่เกินกว่า 300 ตารางเมตรขึ้นไป ,3300 ,
น่าน ,สถานศึกษา ,6650 ,
น่าน ,โรงแรม ความสูงไม่เกิน 5 ชั้น ,9050 ,
น่าน ,โรงแรม ความสูงเกินกว่า 5 ชั้นขึ้นไป ,9550 ,
น่าน ,โรงมหรสพ ,7450 ,
น่าน ,สถานพยาบาล ,8750 ,
น่าน ,สำนักงาน ความสูงไม่เกิน 5 ชั้น ,7000 ,
น่าน ,สำนักงาน ความสูงเกินกว่า 5 ชั้นขึ้นไป ,8250 ,
น่าน ,ภัตตาคาร  ,6400 ,
น่าน ,ห้างสรรพสินค้า ,9000 ,
น่าน ,อาคารพาณิชยกรรม ประเภทค้าปลีกค้าส่ง ,7650 ,
น่าน ,สถานีบริการน้ำมันเชื้อเพลิง ,5250 , พื้นที่อาคารและบริเวณหัวจ่าย
น่าน ,โรงงาน ,5600 ,
น่าน ,ตลาด พื้นที่ไม่เกิน 1000 ตารางเมตร  ,3550 , พื้นที่ของแต่ละอาคาร
น่าน ,ตลาด พื้นที่เกินกว่า 1000 ตารางเมตรขึ้นไป  ,3700 , พื้นที่ของแต่ละอาคาร
น่าน ,อาคารพาณิชย์ ประเภทโฮมออฟฟิศ ,8400 ,
น่าน ,โรงงานซ่อมรถยนต์ ,5250 ,
บึงกาฬ ,ประเภทบ้านเดี่ยว ,6400 ,
บึงกาฬ ,ประเภทบ้านแถว (ทาวน์เฮาส์) ,6450 ,
บึงกาฬ ,ประเภทห้องแถว ,6300 ,
บึงกาฬ ,ประเภทตึกแถว ,7150 ,
บึงกาฬ ,คลังสินค้า พื้นที่ไม่เกิน 300 ตารางเมตร ,5100 ,
บึงกาฬ ,คลังสินค้า พื้นที่เกินกว่า 300 ตารางเมตรขึ้นไป ,3250 ,
บึงกาฬ ,สถานศึกษา ,6500 ,
บึงกาฬ ,โรงแรม ความสูงไม่เกิน 5 ชั้น ,8650 ,
บึงกาฬ ,โรงแรม ความสูงเกินกว่า 5 ชั้นขึ้นไป ,9200 ,
บึงกาฬ ,โรงมหรสพ ,7350 ,
บึงกาฬ ,สถานพยาบาล ,8550 ,
บึงกาฬ ,สำนักงาน ความสูงไม่เกิน 5 ชั้น ,6800 ,
บึงกาฬ ,สำนักงาน ความสูงเกินกว่า 5 ชั้นขึ้นไป ,8100 ,
บึงกาฬ ,ภัตตาคาร  ,6100 ,
บึงกาฬ ,ห้างสรรพสินค้า ,8550 ,
บึงกาฬ ,อาคารพาณิชยกรรม ประเภทค้าปลีกค้าส่ง ,7350 ,
บึงกาฬ ,สถานีบริการน้ำมันเชื้อเพลิง ,4950 , พื้นที่อาคารและบริเวณหัวจ่าย
บึงกาฬ ,โรงงาน ,5450 ,
บึงกาฬ ,ตลาด พื้นที่ไม่เกิน 1000 ตารางเมตร  ,3400 , พื้นที่ของแต่ละอาคาร
บึงกาฬ ,ตลาด พื้นที่เกินกว่า 1000 ตารางเมตรขึ้นไป  ,3550 , พื้นที่ของแต่ละอาคาร
บึงกาฬ ,อาคารพาณิชย์ ประเภทโฮมออฟฟิศ ,8100 ,
บึงกาฬ ,โรงงานซ่อมรถยนต์ ,5350 ,
บุรีรัมย์ ,ประเภทบ้านเดี่ยว ,6400 ,
บุรีรัมย์ ,ประเภทบ้านแถว (ทาวน์เฮาส์) ,6700 ,
บุรีรัมย์ ,ประเภทห้องแถว ,6250 ,
บุรีรัมย์ ,ประเภทตึกแถว ,7000 ,
บุรีรัมย์ ,คลังสินค้า พื้นที่ไม่เกิน 300 ตารางเมตร ,5300 ,
บุรีรัมย์ ,คลังสินค้า พื้นที่เกินกว่า 300 ตารางเมตรขึ้นไป ,3200 ,
บุรีรัมย์ ,สถานศึกษา ,6900 ,
บุรีรัมย์ ,โรงแรม ความสูงไม่เกิน 5 ชั้น ,8950 ,
บุรีรัมย์ ,โรงแรม ความสูงเกินกว่า 5 ชั้นขึ้นไป ,9250 ,
บุรีรัมย์ ,โรงมหรสพ ,7350 ,
บุรีรัมย์ ,สถานพยาบาล ,8750 ,
บุรีรัมย์ ,สำนักงาน ความสูงไม่เกิน 5 ชั้น ,6900 ,
บุรีรัมย์ ,สำนักงาน ความสูงเกินกว่า 5 ชั้นขึ้นไป ,8250 ,
บุรีรัมย์ ,ภัตตาคาร  ,6100 ,
บุรีรัมย์ ,ห้างสรรพสินค้า ,8400 ,
บุรีรัมย์ ,อาคารพาณิชยกรรม ประเภทค้าปลีกค้าส่ง ,7400 ,
บุรีรัมย์ ,สถานีบริการน้ำมันเชื้อเพลิง ,5100 , พื้นที่อาคารและบริเวณหัวจ่าย
บุรีรัมย์ ,โรงงาน ,5850 ,
บุรีรัมย์ ,ตลาด พื้นที่ไม่เกิน 1000 ตารางเมตร  ,3350 , พื้นที่ของแต่ละอาคาร
บุรีรัมย์ ,ตลาด พื้นที่เกินกว่า 1000 ตารางเมตรขึ้นไป  ,3600 , พื้นที่ของแต่ละอาคาร
บุรีรัมย์ ,อาคารพาณิชย์ ประเภทโฮมออฟฟิศ ,8350 ,
บุรีรัมย์ ,โรงงานซ่อมรถยนต์ ,5350 ,
ปทุมธานี ,ประเภทบ้านเดี่ยว ,6750 ,
ปทุมธานี ,ประเภทบ้านแถว (ทาวน์เฮาส์) ,6950 ,
ปทุมธานี ,ประเภทห้องแถว ,6600 ,
ปทุมธานี ,ประเภทตึกแถว ,7300 ,
ปทุมธานี ,คลังสินค้า พื้นที่ไม่เกิน 300 ตารางเมตร ,5400 ,
ปทุมธานี ,คลังสินค้า พื้นที่เกินกว่า 300 ตารางเมตรขึ้นไป ,3300 ,
ปทุมธานี ,สถานศึกษา ,6950 ,
ปทุมธานี ,โรงแรม ความสูงไม่เกิน 5 ชั้น ,9100 ,
ปทุมธานี ,โรงแรม ความสูงเกินกว่า 5 ชั้นขึ้นไป ,9550 ,
ปทุมธานี ,โรงมหรสพ ,7550 ,
ปทุมธานี ,สถานพยาบาล ,8850 ,
ปทุมธานี ,สำนักงาน ความสูงไม่เกิน 5 ชั้น ,7150 ,
ปทุมธานี ,สำนักงาน ความสูงเกินกว่า 5 ชั้นขึ้นไป ,8100 ,
ปทุมธานี ,ภัตตาคาร  ,6500 ,
ปทุมธานี ,ห้างสรรพสินค้า ,9000 ,
ปทุมธานี ,อาคารพาณิชยกรรม ประเภทค้าปลีกค้าส่ง ,7550 ,
ปทุมธานี ,สถานีบริการน้ำมันเชื้อเพลิง ,5200 , พื้นที่อาคารและบริเวณหัวจ่าย
ปทุมธานี ,โรงงาน ,5850 ,
ปทุมธานี ,ตลาด พื้นที่ไม่เกิน 1000 ตารางเมตร  ,3500 , พื้นที่ของแต่ละอาคาร
ปทุมธานี ,ตลาด พื้นที่เกินกว่า 1000 ตารางเมตรขึ้นไป  ,3700 , พื้นที่ของแต่ละอาคาร
ปทุมธานี ,อาคารพาณิชย์ ประเภทโฮมออฟฟิศ ,8550 ,
ปทุมธานี ,โรงงานซ่อมรถยนต์ ,5400 ,
ประจวบคีรีขันธ์ ,ประเภทบ้านเดี่ยว ,6900 ,
ประจวบคีรีขันธ์ ,ประเภทบ้านแถว (ทาวน์เฮาส์) ,7250 ,
ประจวบคีรีขันธ์ ,ประเภทห้องแถว ,6900 ,
ประจวบคีรีขันธ์ ,ประเภทตึกแถว ,7700 ,
ประจวบคีรีขันธ์ ,คลังสินค้า พื้นที่ไม่เกิน 300 ตารางเมตร ,5600 ,
ประจวบคีรีขันธ์ ,คลังสินค้า พื้นที่เกินกว่า 300 ตารางเมตรขึ้นไป ,3450 ,
ประจวบคีรีขันธ์ ,สถานศึกษา ,7250 ,
ประจวบคีรีขันธ์ ,โรงแรม ความสูงไม่เกิน 5 ชั้น ,9300 ,
ประจวบคีรีขันธ์ ,โรงแรม ความสูงเกินกว่า 5 ชั้นขึ้นไป ,9850 ,
ประจวบคีรีขันธ์ ,โรงมหรสพ ,8000 ,
ประจวบคีรีขันธ์ ,สถานพยาบาล ,9200 ,
ประจวบคีรีขันธ์ ,สำนักงาน ความสูงไม่เกิน 5 ชั้น ,7350 ,
ประจวบคีรีขันธ์ ,สำนักงาน ความสูงเกินกว่า 5 ชั้นขึ้นไป ,8500 ,
ประจวบคีรีขันธ์ ,ภัตตาคาร  ,6700 ,
ประจวบคีรีขันธ์ ,ห้างสรรพสินค้า ,9050 ,
ประจวบคีรีขันธ์ ,อาคารพาณิชยกรรม ประเภทค้าปลีกค้าส่ง ,7900 ,
ประจวบคีรีขันธ์ ,สถานีบริการน้ำมันเชื้อเพลิง ,5400 , พื้นที่อาคารและบริเวณหัวจ่าย
ประจวบคีรีขันธ์ ,โรงงาน ,6100 ,
ประจวบคีรีขันธ์ ,ตลาด พื้นที่ไม่เกิน 1000 ตารางเมตร  ,3650 , พื้นที่ของแต่ละอาคาร
ประจวบคีรีขันธ์ ,ตลาด พื้นที่เกินกว่า 1000 ตารางเมตรขึ้นไป  ,3900 , พื้นที่ของแต่ละอาคาร
ประจวบคีรีขันธ์ ,อาคารพาณิชย์ ประเภทโฮมออฟฟิศ ,8900 ,
ประจวบคีรีขันธ์ ,โรงงานซ่อมรถยนต์ ,5650 ,
ปราจีนบุรี ,ประเภทบ้านเดี่ยว ,6450 ,
ปราจีนบุรี ,ประเภทบ้านแถว (ทาวน์เฮาส์) ,6800 ,
ปราจีนบุรี ,ประเภทห้องแถว ,6550 ,
ปราจีนบุรี ,ประเภทตึกแถว ,7700 ,
ปราจีนบุรี ,คลังสินค้า พื้นที่ไม่เกิน 300 ตารางเมตร ,5550 ,
ปราจีนบุรี ,คลังสินค้า พื้นที่เกินกว่า 300 ตารางเมตรขึ้นไป ,3500 ,
ปราจีนบุรี ,สถานศึกษา ,7350 ,
ปราจีนบุรี ,โรงแรม ความสูงไม่เกิน 5 ชั้น ,9150 ,
ปราจีนบุรี ,โรงแรม ความสูงเกินกว่า 5 ชั้นขึ้นไป ,9900 ,
ปราจีนบุรี ,โรงมหรสพ ,7950 ,
ปราจีนบุรี ,สถานพยาบาล ,9350 ,
ปราจีนบุรี ,สำนักงาน ความสูงไม่เกิน 5 ชั้น ,7100 ,
ปราจีนบุรี ,สำนักงาน ความสูงเกินกว่า 5 ชั้นขึ้นไป ,8250 ,
ปราจีนบุรี ,ภัตตาคาร  ,6400 ,
ปราจีนบุรี ,ห้างสรรพสินค้า ,9400 ,
ปราจีนบุรี ,อาคารพาณิชยกรรม ประเภทค้าปลีกค้าส่ง ,8050 ,
ปราจีนบุรี ,สถานีบริการน้ำมันเชื้อเพลิง ,5150 , พื้นที่อาคารและบริเวณหัวจ่าย
ปราจีนบุรี ,โรงงาน ,5950 ,
ปราจีนบุรี ,ตลาด พื้นที่ไม่เกิน 1000 ตารางเมตร  ,3550 , พื้นที่ของแต่ละอาคาร
ปราจีนบุรี ,ตลาด พื้นที่เกินกว่า 1000 ตารางเมตรขึ้นไป  ,3800 , พื้นที่ของแต่ละอาคาร
ปราจีนบุรี ,อาคารพาณิชย์ ประเภทโฮมออฟฟิศ ,8550 ,
ปราจีนบุรี ,โรงงานซ่อมรถยนต์ ,5500 ,
ปัตตานี ,ประเภทบ้านเดี่ยว ,7050 ,
ปัตตานี ,ประเภทบ้านแถว (ทาวน์เฮาส์) ,7200 ,
ปัตตานี ,ประเภทห้องแถว ,6950 ,
ปัตตานี ,ประเภทตึกแถว ,7950 ,
ปัตตานี ,คลังสินค้า พื้นที่ไม่เกิน 300 ตารางเมตร ,5750 ,
ปัตตานี ,คลังสินค้า พื้นที่เกินกว่า 300 ตารางเมตรขึ้นไป ,3600 ,
ปัตตานี ,สถานศึกษา ,7550 ,
ปัตตานี ,โรงแรม ความสูงไม่เกิน 5 ชั้น ,9300 ,
ปัตตานี ,โรงแรม ความสูงเกินกว่า 5 ชั้นขึ้นไป ,10000 ,
ปัตตานี ,โรงมหรสพ ,8200 ,
ปัตตานี ,สถานพยาบาล ,9450 ,
ปัตตานี ,สำนักงาน ความสูงไม่เกิน 5 ชั้น ,7450 ,
ปัตตานี ,สำนักงาน ความสูงเกินกว่า 5 ชั้นขึ้นไป ,9000 ,
ปัตตานี ,ภัตตาคาร  ,6750 ,
ปัตตานี ,ห้างสรรพสินค้า ,9350 ,
ปัตตานี ,อาคารพาณิชยกรรม ประเภทค้าปลีกค้าส่ง ,8050 ,
ปัตตานี ,สถานีบริการน้ำมันเชื้อเพลิง ,5550 , พื้นที่อาคารและบริเวณหัวจ่าย
ปัตตานี ,โรงงาน ,5950 ,
ปัตตานี ,ตลาด พื้นที่ไม่เกิน 1000 ตารางเมตร  ,3600 , พื้นที่ของแต่ละอาคาร
ปัตตานี ,ตลาด พื้นที่เกินกว่า 1000 ตารางเมตรขึ้นไป  ,3950 , พื้นที่ของแต่ละอาคาร
ปัตตานี ,อาคารพาณิชย์ ประเภทโฮมออฟฟิศ ,8900 ,
ปัตตานี ,โรงงานซ่อมรถยนต์ ,6000 ,
พระนครศรีอยุธยา ,ประเภทบ้านเดี่ยว ,6700 ,
พระนครศรีอยุธยา ,ประเภทบ้านแถว (ทาวน์เฮาส์) ,6650 ,
พระนครศรีอยุธยา ,ประเภทห้องแถว ,6850 ,
พระนครศรีอยุธยา ,ประเภทตึกแถว ,7250 ,
พระนครศรีอยุธยา ,คลังสินค้า พื้นที่ไม่เกิน 300 ตารางเมตร ,5400 ,
พระนครศรีอยุธยา ,คลังสินค้า พื้นที่เกินกว่า 300 ตารางเมตรขึ้นไป ,3300 ,
พระนครศรีอยุธยา ,สถานศึกษา ,6850 ,
พระนครศรีอยุธยา ,โรงแรม ความสูงไม่เกิน 5 ชั้น ,9100 ,
พระนครศรีอยุธยา ,โรงแรม ความสูงเกินกว่า 5 ชั้นขึ้นไป ,9650 ,
พระนครศรีอยุธยา ,โรงมหรสพ ,7700 ,
พระนครศรีอยุธยา ,สถานพยาบาล ,8950 ,
พระนครศรีอยุธยา ,สำนักงาน ความสูงไม่เกิน 5 ชั้น ,7250 ,
พระนครศรีอยุธยา ,สำนักงาน ความสูงเกินกว่า 5 ชั้นขึ้นไป ,8200 ,
พระนครศรีอยุธยา ,ภัตตาคาร  ,6500 ,
พระนครศรีอยุธยา ,ห้างสรรพสินค้า ,8900 ,
พระนครศรีอยุธยา ,อาคารพาณิชยกรรม ประเภทค้าปลีกค้าส่ง ,7600 ,
พระนครศรีอยุธยา ,สถานีบริการน้ำมันเชื้อเพลิง ,5050 , พื้นที่อาคารและบริเวณหัวจ่าย
พระนครศรีอยุธยา ,โรงงาน ,5550 ,
พระนครศรีอยุธยา ,ตลาด พื้นที่ไม่เกิน 1000 ตารางเมตร  ,3500 , พื้นที่ของแต่ละอาคาร
พระนครศรีอยุธยา ,ตลาด พื้นที่เกินกว่า 1000 ตารางเมตรขึ้นไป  ,3700 , พื้นที่ของแต่ละอาคาร
พระนครศรีอยุธยา ,อาคารพาณิชย์ ประเภทโฮมออฟฟิศ ,8350 ,
พระนครศรีอยุธยา ,โรงงานซ่อมรถยนต์ ,5350 ,
พะเยา ,ประเภทบ้านเดี่ยว ,6850 ,
พะเยา ,ประเภทบ้านแถว (ทาวน์เฮาส์) ,7000 ,
พะเยา ,ประเภทห้องแถว ,6800 ,
พะเยา ,ประเภทตึกแถว ,7450 ,
พะเยา ,คลังสินค้า พื้นที่ไม่เกิน 300 ตารางเมตร ,5700 ,
พะเยา ,คลังสินค้า พื้นที่เกินกว่า 300 ตารางเมตรขึ้นไป ,3600 ,
พะเยา ,สถานศึกษา ,6850 ,
พะเยา ,โรงแรม ความสูงไม่เกิน 5 ชั้น ,9200 ,
พะเยา ,โรงแรม ความสูงเกินกว่า 5 ชั้นขึ้นไป ,9800 ,
พะเยา ,โรงมหรสพ ,7800 ,
พะเยา ,สถานพยาบาล ,9050 ,
พะเยา ,สำนักงาน ความสูงไม่เกิน 5 ชั้น ,7200 ,
พะเยา ,สำนักงาน ความสูงเกินกว่า 5 ชั้นขึ้นไป ,8350 ,
พะเยา ,ภัตตาคาร  ,6500 ,
พะเยา ,ห้างสรรพสินค้า ,9250 ,
พะเยา ,อาคารพาณิชยกรรม ประเภทค้าปลีกค้าส่ง ,8000 ,
พะเยา ,สถานีบริการน้ำมันเชื้อเพลิง ,5500 , พื้นที่อาคารและบริเวณหัวจ่าย
พะเยา ,โรงงาน ,6000 ,
พะเยา ,ตลาด พื้นที่ไม่เกิน 1000 ตารางเมตร  ,3750 , พื้นที่ของแต่ละอาคาร
พะเยา ,ตลาด พื้นที่เกินกว่า 1000 ตารางเมตรขึ้นไป  ,4000 , พื้นที่ของแต่ละอาคาร
พะเยา ,อาคารพาณิชย์ ประเภทโฮมออฟฟิศ ,8700 ,
พะเยา ,โรงงานซ่อมรถยนต์ ,5850 ,
พังงา ,ประเภทบ้านเดี่ยว ,7250 ,
พังงา ,ประเภทบ้านแถว (ทาวน์เฮาส์) ,7550 ,
พังงา ,ประเภทห้องแถว ,7200 ,
พังงา ,ประเภทตึกแถว ,8200 ,
พังงา ,คลังสินค้า พื้นที่ไม่เกิน 300 ตารางเมตร ,5800 ,
พังงา ,คลังสินค้า พื้นที่เกินกว่า 300 ตารางเมตรขึ้นไป ,3600 ,
พังงา ,สถานศึกษา ,7650 ,
พังงา ,โรงแรม ความสูงไม่เกิน 5 ชั้น ,9800 ,
พังงา ,โรงแรม ความสูงเกินกว่า 5 ชั้นขึ้นไป ,10500 ,
พังงา ,โรงมหรสพ ,8400 ,
พังงา ,สถานพยาบาล ,9700 ,
พังงา ,สำนักงาน ความสูงไม่เกิน 5 ชั้น ,7650 ,
พังงา ,สำนักงาน ความสูงเกินกว่า 5 ชั้นขึ้นไป ,9050 ,
พังงา ,ภัตตาคาร  ,7050 ,
พังงา ,ห้างสรรพสินค้า ,9700 ,
พังงา ,อาคารพาณิชยกรรม ประเภทค้าปลีกค้าส่ง ,8350 ,
พังงา ,สถานีบริการน้ำมันเชื้อเพลิง ,5650 , พื้นที่อาคารและบริเวณหัวจ่าย
พังงา ,โรงงาน ,6350 ,
พังงา ,ตลาด พื้นที่ไม่เกิน 1000 ตารางเมตร  ,3600 , พื้นที่ของแต่ละอาคาร
พังงา ,ตลาด พื้นที่เกินกว่า 1000 ตารางเมตรขึ้นไป  ,3900 , พื้นที่ของแต่ละอาคาร
พังงา ,อาคารพาณิชย์ ประเภทโฮมออฟฟิศ ,9200 ,
พังงา ,โรงงานซ่อมรถยนต์ ,5900 ,
พัทลุง ,ประเภทบ้านเดี่ยว ,7250 ,
พัทลุง ,ประเภทบ้านแถว (ทาวน์เฮาส์) ,7550 ,
พัทลุง ,ประเภทห้องแถว ,7150 ,
พัทลุง ,ประเภทตึกแถว ,8000 ,
พัทลุง ,คลังสินค้า พื้นที่ไม่เกิน 300 ตารางเมตร ,5750 ,
พัทลุง ,คลังสินค้า พื้นที่เกินกว่า 300 ตารางเมตรขึ้นไป ,3600 ,
พัทลุง ,สถานศึกษา ,7600 ,
พัทลุง ,โรงแรม ความสูงไม่เกิน 5 ชั้น ,9800 ,
พัทลุง ,โรงแรม ความสูงเกินกว่า 5 ชั้นขึ้นไป ,10500 ,
พัทลุง ,โรงมหรสพ ,8250 ,
พัทลุง ,สถานพยาบาล ,9800 ,
พัทลุง ,สำนักงาน ความสูงไม่เกิน 5 ชั้น ,7600 ,
พัทลุง ,สำนักงาน ความสูงเกินกว่า 5 ชั้นขึ้นไป ,9000 ,
พัทลุง ,ภัตตาคาร  ,7050 ,
พัทลุง ,ห้างสรรพสินค้า ,9700 ,
พัทลุง ,อาคารพาณิชยกรรม ประเภทค้าปลีกค้าส่ง ,8300 ,
พัทลุง ,สถานีบริการน้ำมันเชื้อเพลิง ,5600 , พื้นที่อาคารและบริเวณหัวจ่าย
พัทลุง ,โรงงาน ,6350 ,
พัทลุง ,ตลาด พื้นที่ไม่เกิน 1000 ตารางเมตร  ,3700 , พื้นที่ของแต่ละอาคาร
พัทลุง ,ตลาด พื้นที่เกินกว่า 1000 ตารางเมตรขึ้นไป  ,3950 , พื้นที่ของแต่ละอาคาร
พัทลุง ,อาคารพาณิชย์ ประเภทโฮมออฟฟิศ ,9150 ,
พัทลุง ,โรงงานซ่อมรถยนต์ ,5900 ,
พิจิตร ,ประเภทบ้านเดี่ยว ,6450 ,
พิจิตร ,ประเภทบ้านแถว (ทาวน์เฮาส์) ,6400 ,
พิจิตร ,ประเภทห้องแถว ,6500 ,
พิจิตร ,ประเภทตึกแถว ,6850 ,
พิจิตร ,คลังสินค้า พื้นที่ไม่เกิน 300 ตารางเมตร ,5200 ,
พิจิตร ,คลังสินค้า พื้นที่เกินกว่า 300 ตารางเมตรขึ้นไป ,3150 ,
พิจิตร ,สถานศึกษา ,6500 ,
พิจิตร ,โรงแรม ความสูงไม่เกิน 5 ชั้น ,9000 ,
พิจิตร ,โรงแรม ความสูงเกินกว่า 5 ชั้นขึ้นไป ,9400 ,
พิจิตร ,โรงมหรสพ ,7250 ,
พิจิตร ,สถานพยาบาล ,8600 ,
พิจิตร ,สำนักงาน ความสูงไม่เกิน 5 ชั้น ,6900 ,
พิจิตร ,สำนักงาน ความสูงเกินกว่า 5 ชั้นขึ้นไป ,8150 ,
พิจิตร ,ภัตตาคาร  ,6200 ,
พิจิตร ,ห้างสรรพสินค้า ,9000 ,
พิจิตร ,อาคารพาณิชยกรรม ประเภทค้าปลีกค้าส่ง ,7550 ,
พิจิตร ,สถานีบริการน้ำมันเชื้อเพลิง ,5100 , พื้นที่อาคารและบริเวณหัวจ่าย
พิจิตร ,โรงงาน ,5400 ,
พิจิตร ,ตลาด พื้นที่ไม่เกิน 1000 ตารางเมตร  ,3300 , พื้นที่ของแต่ละอาคาร
พิจิตร ,ตลาด พื้นที่เกินกว่า 1000 ตารางเมตรขึ้นไป  ,3500 , พื้นที่ของแต่ละอาคาร
พิจิตร ,อาคารพาณิชย์ ประเภทโฮมออฟฟิศ ,8250 ,
พิจิตร ,โรงงานซ่อมรถยนต์ ,5050 ,
พิษณุโลก ,ประเภทบ้านเดี่ยว ,6700 ,
พิษณุโลก ,ประเภทบ้านแถว (ทาวน์เฮาส์) ,6600 ,
พิษณุโลก ,ประเภทห้องแถว ,6600 ,
พิษณุโลก ,ประเภทตึกแถว ,7050 ,
พิษณุโลก ,คลังสินค้า พื้นที่ไม่เกิน 300 ตารางเมตร ,5400 ,
พิษณุโลก ,คลังสินค้า พื้นที่เกินกว่า 300 ตารางเมตรขึ้นไป ,3250 ,
พิษณุโลก ,สถานศึกษา ,6750 ,
พิษณุโลก ,โรงแรม ความสูงไม่เกิน 5 ชั้น ,9050 ,
พิษณุโลก ,โรงแรม ความสูงเกินกว่า 5 ชั้นขึ้นไป ,9550 ,
พิษณุโลก ,โรงมหรสพ ,7450 ,
พิษณุโลก ,สถานพยาบาล ,8800 ,
พิษณุโลก ,สำนักงาน ความสูงไม่เกิน 5 ชั้น ,7000 ,
พิษณุโลก ,สำนักงาน ความสูงเกินกว่า 5 ชั้นขึ้นไป ,8250 ,
พิษณุโลก ,ภัตตาคาร  ,6400 ,
พิษณุโลก ,ห้างสรรพสินค้า ,9150 ,
พิษณุโลก ,อาคารพาณิชยกรรม ประเภทค้าปลีกค้าส่ง ,7700 ,
พิษณุโลก ,สถานีบริการน้ำมันเชื้อเพลิง ,5250 , พื้นที่อาคารและบริเวณหัวจ่าย
พิษณุโลก ,โรงงาน ,5600 ,
พิษณุโลก ,ตลาด พื้นที่ไม่เกิน 1000 ตารางเมตร  ,3450 , พื้นที่ของแต่ละอาคาร
พิษณุโลก ,ตลาด พื้นที่เกินกว่า 1000 ตารางเมตรขึ้นไป  ,3650 , พื้นที่ของแต่ละอาคาร
พิษณุโลก ,อาคารพาณิชย์ ประเภทโฮมออฟฟิศ ,8400 ,
พิษณุโลก ,โรงงานซ่อมรถยนต์ ,5300 ,
เพชรบุรี ,ประเภทบ้านเดี่ยว ,6900 ,
เพชรบุรี ,ประเภทบ้านแถว (ทาวน์เฮาส์) ,7250 ,
เพชรบุรี ,ประเภทห้องแถว ,6900 ,
เพชรบุรี ,ประเภทตึกแถว ,7700 ,
เพชรบุรี ,คลังสินค้า พื้นที่ไม่เกิน 300 ตารางเมตร ,5600 ,
เพชรบุรี ,คลังสินค้า พื้นที่เกินกว่า 300 ตารางเมตรขึ้นไป ,3450 ,
เพชรบุรี ,สถานศึกษา ,7250 ,
เพชรบุรี ,โรงแรม ความสูงไม่เกิน 5 ชั้น ,9300 ,
เพชรบุรี ,โรงแรม ความสูงเกินกว่า 5 ชั้นขึ้นไป ,9850 ,
เพชรบุรี ,โรงมหรสพ ,8000 ,
เพชรบุรี ,สถานพยาบาล ,9200 ,
เพชรบุรี ,สำนักงาน ความสูงไม่เกิน 5 ชั้น ,7350 ,
เพชรบุรี ,สำนักงาน ความสูงเกินกว่า 5 ชั้นขึ้นไป ,8500 ,
เพชรบุรี ,ภัตตาคาร  ,6700 ,
เพชรบุรี ,ห้างสรรพสินค้า ,9050 ,
เพชรบุรี ,อาคารพาณิชยกรรม ประเภทค้าปลีกค้าส่ง ,7900 ,
เพชรบุรี ,สถานีบริการน้ำมันเชื้อเพลิง ,5400 , พื้นที่อาคารและบริเวณหัวจ่าย
เพชรบุรี ,โรงงาน ,6100 ,
เพชรบุรี ,ตลาด พื้นที่ไม่เกิน 1000 ตารางเมตร  ,3650 , พื้นที่ของแต่ละอาคาร
เพชรบุรี ,ตลาด พื้นที่เกินกว่า 1000 ตารางเมตรขึ้นไป  ,3900 , พื้นที่ของแต่ละอาคาร
เพชรบุรี ,อาคารพาณิชย์ ประเภทโฮมออฟฟิศ ,8900 ,
เพชรบุรี ,โรงงานซ่อมรถยนต์ ,5650 ,
เพชรบูรณ์ ,ประเภทบ้านเดี่ยว ,6700 ,
เพชรบูรณ์ ,ประเภทบ้านแถว (ทาวน์เฮาส์) ,6650 ,
เพชรบูรณ์ ,ประเภทห้องแถว ,6400 ,
เพชรบูรณ์ ,ประเภทตึกแถว ,7150 ,
เพชรบูรณ์ ,คลังสินค้า พื้นที่ไม่เกิน 300 ตารางเมตร ,5450 ,
เพชรบูรณ์ ,คลังสินค้า พื้นที่เกินกว่า 300 ตารางเมตรขึ้นไป ,3300 ,
เพชรบูรณ์ ,สถานศึกษา ,6700 ,
เพชรบูรณ์ ,โรงแรม ความสูงไม่เกิน 5 ชั้น ,9250 ,
เพชรบูรณ์ ,โรงแรม ความสูงเกินกว่า 5 ชั้นขึ้นไป ,9600 ,
เพชรบูรณ์ ,โรงมหรสพ ,7500 ,
เพชรบูรณ์ ,สถานพยาบาล ,8900 ,
เพชรบูรณ์ ,สำนักงาน ความสูงไม่เกิน 5 ชั้น ,7050 ,
เพชรบูรณ์ ,สำนักงาน ความสูงเกินกว่า 5 ชั้นขึ้นไป ,8400 ,
เพชรบูรณ์ ,ภัตตาคาร  ,6450 ,
เพชรบูรณ์ ,ห้างสรรพสินค้า ,8900 ,
เพชรบูรณ์ ,อาคารพาณิชยกรรม ประเภทค้าปลีกค้าส่ง ,7550 ,
เพชรบูรณ์ ,สถานีบริการน้ำมันเชื้อเพลิง ,5200 , พื้นที่อาคารและบริเวณหัวจ่าย
เพชรบูรณ์ ,โรงงาน ,5750 ,
เพชรบูรณ์ ,ตลาด พื้นที่ไม่เกิน 1000 ตารางเมตร  ,3500 , พื้นที่ของแต่ละอาคาร
เพชรบูรณ์ ,ตลาด พื้นที่เกินกว่า 1000 ตารางเมตรขึ้นไป  ,3700 , พื้นที่ของแต่ละอาคาร
เพชรบูรณ์ ,อาคารพาณิชย์ ประเภทโฮมออฟฟิศ ,8600 ,
เพชรบูรณ์ ,โรงงานซ่อมรถยนต์ ,5250 ,
แพร่ ,ประเภทบ้านเดี่ยว ,6650 ,
แพร่ ,ประเภทบ้านแถว (ทาวน์เฮาส์) ,6850 ,
แพร่ ,ประเภทห้องแถว ,6750 ,
แพร่ ,ประเภทตึกแถว ,7500 ,
แพร่ ,คลังสินค้า พื้นที่ไม่เกิน 300 ตารางเมตร ,5600 ,
แพร่ ,คลังสินค้า พื้นที่เกินกว่า 300 ตารางเมตรขึ้นไป ,3500 ,
แพร่ ,สถานศึกษา ,6950 ,
แพร่ ,โรงแรม ความสูงไม่เกิน 5 ชั้น ,8950 ,
แพร่ ,โรงแรม ความสูงเกินกว่า 5 ชั้นขึ้นไป ,9800 ,
แพร่ ,โรงมหรสพ ,7800 ,
แพร่ ,สถานพยาบาล ,9050 ,
แพร่ ,สำนักงาน ความสูงไม่เกิน 5 ชั้น ,7150 ,
แพร่ ,สำนักงาน ความสูงเกินกว่า 5 ชั้นขึ้นไป ,8300 ,
แพร่ ,ภัตตาคาร  ,6350 ,
แพร่ ,ห้างสรรพสินค้า ,9350 ,
แพร่ ,อาคารพาณิชยกรรม ประเภทค้าปลีกค้าส่ง ,8350 ,
แพร่ ,สถานีบริการน้ำมันเชื้อเพลิง ,5500 , พื้นที่อาคารและบริเวณหัวจ่าย
แพร่ ,โรงงาน ,6150 ,
แพร่ ,ตลาด พื้นที่ไม่เกิน 1000 ตารางเมตร  ,3650 , พื้นที่ของแต่ละอาคาร
แพร่ ,ตลาด พื้นที่เกินกว่า 1000 ตารางเมตรขึ้นไป  ,3850 , พื้นที่ของแต่ละอาคาร
แพร่ ,อาคารพาณิชย์ ประเภทโฮมออฟฟิศ ,8550 ,
แพร่ ,โรงงานซ่อมรถยนต์ ,5550 ,
ภูเก็ต ,ประเภทบ้านเดี่ยว ,7350 ,
ภูเก็ต ,ประเภทบ้านแถว (ทาวน์เฮาส์) ,7600 ,
ภูเก็ต ,ประเภทห้องแถว ,7100 ,
ภูเก็ต ,ประเภทตึกแถว ,8250 ,
ภูเก็ต ,คลังสินค้า พื้นที่ไม่เกิน 300 ตารางเมตร ,5900 ,
ภูเก็ต ,คลังสินค้า พื้นที่เกินกว่า 300 ตารางเมตรขึ้นไป ,3750 ,
ภูเก็ต ,สถานศึกษา ,7650 ,
ภูเก็ต ,โรงแรม ความสูงไม่เกิน 5 ชั้น ,9800 ,
ภูเก็ต ,โรงแรม ความสูงเกินกว่า 5 ชั้นขึ้นไป ,10500 ,
ภูเก็ต ,โรงมหรสพ ,8500 ,
ภูเก็ต ,สถานพยาบาล ,10000 ,
ภูเก็ต ,สำนักงาน ความสูงไม่เกิน 5 ชั้น ,7900 ,
ภูเก็ต ,สำนักงาน ความสูงเกินกว่า 5 ชั้นขึ้นไป ,9050 ,
ภูเก็ต ,ภัตตาคาร  ,7100 ,
ภูเก็ต ,ห้างสรรพสินค้า ,9700 ,
ภูเก็ต ,อาคารพาณิชยกรรม ประเภทค้าปลีกค้าส่ง ,8400 ,
ภูเก็ต ,สถานีบริการน้ำมันเชื้อเพลิง ,5550 , พื้นที่อาคารและบริเวณหัวจ่าย
ภูเก็ต ,โรงงาน ,6450 ,
ภูเก็ต ,ตลาด พื้นที่ไม่เกิน 1000 ตารางเมตร  ,3900 , พื้นที่ของแต่ละอาคาร
ภูเก็ต ,ตลาด พื้นที่เกินกว่า 1000 ตารางเมตรขึ้นไป  ,4100 , พื้นที่ของแต่ละอาคาร
ภูเก็ต ,อาคารพาณิชย์ ประเภทโฮมออฟฟิศ ,8950 ,
ภูเก็ต ,โรงงานซ่อมรถยนต์ ,5950 ,
มหาสารคาม ,ประเภทบ้านเดี่ยว ,6650 ,
มหาสารคาม ,ประเภทบ้านแถว (ทาวน์เฮาส์) ,6850 ,
มหาสารคาม ,ประเภทห้องแถว ,6250 ,
มหาสารคาม ,ประเภทตึกแถว ,7200 ,
มหาสารคาม ,คลังสินค้า พื้นที่ไม่เกิน 300 ตารางเมตร ,5250 ,
มหาสารคาม ,คลังสินค้า พื้นที่เกินกว่า 300 ตารางเมตรขึ้นไป ,3200 ,
มหาสารคาม ,สถานศึกษา ,6900 ,
มหาสารคาม ,โรงแรม ความสูงไม่เกิน 5 ชั้น ,8950 ,
มหาสารคาม ,โรงแรม ความสูงเกินกว่า 5 ชั้นขึ้นไป ,9250 ,
มหาสารคาม ,โรงมหรสพ ,7450 ,
มหาสารคาม ,สถานพยาบาล ,8650 ,
มหาสารคาม ,สำนักงาน ความสูงไม่เกิน 5 ชั้น ,7050 ,
มหาสารคาม ,สำนักงาน ความสูงเกินกว่า 5 ชั้นขึ้นไป ,8150 ,
มหาสารคาม ,ภัตตาคาร  ,6400 ,
มหาสารคาม ,ห้างสรรพสินค้า ,8800 ,
มหาสารคาม ,อาคารพาณิชยกรรม ประเภทค้าปลีกค้าส่ง ,7500 ,
มหาสารคาม ,สถานีบริการน้ำมันเชื้อเพลิง ,4900 , พื้นที่อาคารและบริเวณหัวจ่าย
มหาสารคาม ,โรงงาน ,5450 ,
มหาสารคาม ,ตลาด พื้นที่ไม่เกิน 1000 ตารางเมตร  ,3350 , พื้นที่ของแต่ละอาคาร
มหาสารคาม ,ตลาด พื้นที่เกินกว่า 1000 ตารางเมตรขึ้นไป  ,3700 , พื้นที่ของแต่ละอาคาร
มหาสารคาม ,อาคารพาณิชย์ ประเภทโฮมออฟฟิศ ,8200 ,
มหาสารคาม ,โรงงานซ่อมรถยนต์ ,5250 ,
มุกดาหาร ,ประเภทบ้านเดี่ยว ,6800 ,
มุกดาหาร ,ประเภทบ้านแถว (ทาวน์เฮาส์) ,6850 ,
มุกดาหาร ,ประเภทห้องแถว ,6450 ,
มุกดาหาร ,ประเภทตึกแถว ,7550 ,
มุกดาหาร ,คลังสินค้า พื้นที่ไม่เกิน 300 ตารางเมตร ,5650 ,
มุกดาหาร ,คลังสินค้า พื้นที่เกินกว่า 300 ตารางเมตรขึ้นไป ,3450 ,
มุกดาหาร ,สถานศึกษา ,6900 ,
มุกดาหาร ,โรงแรม ความสูงไม่เกิน 5 ชั้น ,9250 ,
มุกดาหาร ,โรงแรม ความสูงเกินกว่า 5 ชั้นขึ้นไป ,10000 ,
มุกดาหาร ,โรงมหรสพ ,7700 ,
มุกดาหาร ,สถานพยาบาล ,9050 ,
มุกดาหาร ,สำนักงาน ความสูงไม่เกิน 5 ชั้น ,7300 ,
มุกดาหาร ,สำนักงาน ความสูงเกินกว่า 5 ชั้นขึ้นไป ,8450 ,
มุกดาหาร ,ภัตตาคาร  ,6650 ,
มุกดาหาร ,ห้างสรรพสินค้า ,9050 ,
มุกดาหาร ,อาคารพาณิชยกรรม ประเภทค้าปลีกค้าส่ง ,7900 ,
มุกดาหาร ,สถานีบริการน้ำมันเชื้อเพลิง ,5250 , พื้นที่อาคารและบริเวณหัวจ่าย
มุกดาหาร ,โรงงาน ,5700 ,
มุกดาหาร ,ตลาด พื้นที่ไม่เกิน 1000 ตารางเมตร  ,3500 , พื้นที่ของแต่ละอาคาร
มุกดาหาร ,ตลาด พื้นที่เกินกว่า 1000 ตารางเมตรขึ้นไป  ,3750 , พื้นที่ของแต่ละอาคาร
มุกดาหาร ,อาคารพาณิชย์ ประเภทโฮมออฟฟิศ ,8650 ,
มุกดาหาร ,โรงงานซ่อมรถยนต์ ,5400 ,
แม่ฮ่องสอน ,ประเภทบ้านเดี่ยว ,7400 ,
แม่ฮ่องสอน ,ประเภทบ้านแถว (ทาวน์เฮาส์) ,7550 ,
แม่ฮ่องสอน ,ประเภทห้องแถว ,7500 ,
แม่ฮ่องสอน ,ประเภทตึกแถว ,8250 ,
แม่ฮ่องสอน ,คลังสินค้า พื้นที่ไม่เกิน 300 ตารางเมตร ,6050 ,
แม่ฮ่องสอน ,คลังสินค้า พื้นที่เกินกว่า 300 ตารางเมตรขึ้นไป ,3800 ,
แม่ฮ่องสอน ,สถานศึกษา ,7750 ,
แม่ฮ่องสอน ,โรงแรม ความสูงไม่เกิน 5 ชั้น ,10000 ,
แม่ฮ่องสอน ,โรงแรม ความสูงเกินกว่า 5 ชั้นขึ้นไป ,11000 ,
แม่ฮ่องสอน ,โรงมหรสพ ,8500 ,
แม่ฮ่องสอน ,สถานพยาบาล ,10000 ,
แม่ฮ่องสอน ,สำนักงาน ความสูงไม่เกิน 5 ชั้น ,7700 ,
แม่ฮ่องสอน ,สำนักงาน ความสูงเกินกว่า 5 ชั้นขึ้นไป ,9400 ,
แม่ฮ่องสอน ,ภัตตาคาร  ,7300 ,
แม่ฮ่องสอน ,ห้างสรรพสินค้า ,10000 ,
แม่ฮ่องสอน ,อาคารพาณิชยกรรม ประเภทค้าปลีกค้าส่ง ,8750 ,
แม่ฮ่องสอน ,สถานีบริการน้ำมันเชื้อเพลิง ,6200 , พื้นที่อาคารและบริเวณหัวจ่าย
แม่ฮ่องสอน ,โรงงาน ,6800 ,
แม่ฮ่องสอน ,ตลาด พื้นที่ไม่เกิน 1000 ตารางเมตร  ,3800 , พื้นที่ของแต่ละอาคาร
แม่ฮ่องสอน ,ตลาด พื้นที่เกินกว่า 1000 ตารางเมตรขึ้นไป  ,4150 , พื้นที่ของแต่ละอาคาร
แม่ฮ่องสอน ,อาคารพาณิชย์ ประเภทโฮมออฟฟิศ ,9450 ,
แม่ฮ่องสอน ,โรงงานซ่อมรถยนต์ ,6150 ,
ยโสธร ,ประเภทบ้านเดี่ยว ,6350 ,
ยโสธร ,ประเภทบ้านแถว (ทาวน์เฮาส์) ,6650 ,
ยโสธร ,ประเภทห้องแถว ,6500 ,
ยโสธร ,ประเภทตึกแถว ,7150 ,
ยโสธร ,คลังสินค้า พื้นที่ไม่เกิน 300 ตารางเมตร ,5250 ,
ยโสธร ,คลังสินค้า พื้นที่เกินกว่า 300 ตารางเมตรขึ้นไป ,3300 ,
ยโสธร ,สถานศึกษา ,6700 ,
ยโสธร ,โรงแรม ความสูงไม่เกิน 5 ชั้น ,8700 ,
ยโสธร ,โรงแรม ความสูงเกินกว่า 5 ชั้นขึ้นไป ,9400 ,
ยโสธร ,โรงมหรสพ ,7350 ,
ยโสธร ,สถานพยาบาล ,8650 ,
ยโสธร ,สำนักงาน ความสูงไม่เกิน 5 ชั้น ,6800 ,
ยโสธร ,สำนักงาน ความสูงเกินกว่า 5 ชั้นขึ้นไป ,8050 ,
ยโสธร ,ภัตตาคาร  ,6200 ,
ยโสธร ,ห้างสรรพสินค้า ,8800 ,
ยโสธร ,อาคารพาณิชยกรรม ประเภทค้าปลีกค้าส่ง ,7550 ,
ยโสธร ,สถานีบริการน้ำมันเชื้อเพลิง ,5150 , พื้นที่อาคารและบริเวณหัวจ่าย
ยโสธร ,โรงงาน ,5750 ,
ยโสธร ,ตลาด พื้นที่ไม่เกิน 1000 ตารางเมตร  ,3400 , พื้นที่ของแต่ละอาคาร
ยโสธร ,ตลาด พื้นที่เกินกว่า 1000 ตารางเมตรขึ้นไป  ,3650 , พื้นที่ของแต่ละอาคาร
ยโสธร ,อาคารพาณิชย์ ประเภทโฮมออฟฟิศ ,8150 ,
ยโสธร ,โรงงานซ่อมรถยนต์ ,5450 ,
ยะลา ,ประเภทบ้านเดี่ยว ,6850 ,
ยะลา ,ประเภทบ้านแถว (ทาวน์เฮาส์) ,7100 ,
ยะลา ,ประเภทห้องแถว ,6750 ,
ยะลา ,ประเภทตึกแถว ,7700 ,
ยะลา ,คลังสินค้า พื้นที่ไม่เกิน 300 ตารางเมตร ,5650 ,
ยะลา ,คลังสินค้า พื้นที่เกินกว่า 300 ตารางเมตรขึ้นไป ,3550 ,
ยะลา ,สถานศึกษา ,7400 ,
ยะลา ,โรงแรม ความสูงไม่เกิน 5 ชั้น ,9300 ,
ยะลา ,โรงแรม ความสูงเกินกว่า 5 ชั้นขึ้นไป ,9800 ,
ยะลา ,โรงมหรสพ ,7900 ,
ยะลา ,สถานพยาบาล ,9250 ,
ยะลา ,สำนักงาน ความสูงไม่เกิน 5 ชั้น ,7250 ,
ยะลา ,สำนักงาน ความสูงเกินกว่า 5 ชั้นขึ้นไป ,8550 ,
ยะลา ,ภัตตาคาร  ,6700 ,
ยะลา ,ห้างสรรพสินค้า ,9100 ,
ยะลา ,อาคารพาณิชยกรรม ประเภทค้าปลีกค้าส่ง ,7750 ,
ยะลา ,สถานีบริการน้ำมันเชื้อเพลิง ,5500 , พื้นที่อาคารและบริเวณหัวจ่าย
ยะลา ,โรงงาน ,6000 ,
ยะลา ,ตลาด พื้นที่ไม่เกิน 1000 ตารางเมตร  ,3600 , พื้นที่ของแต่ละอาคาร
ยะลา ,ตลาด พื้นที่เกินกว่า 1000 ตารางเมตรขึ้นไป  ,3850 , พื้นที่ของแต่ละอาคาร
ยะลา ,อาคารพาณิชย์ ประเภทโฮมออฟฟิศ ,8750 ,
ยะลา ,โรงงานซ่อมรถยนต์ ,5900 ,
ร้อยเอ็ด ,ประเภทบ้านเดี่ยว ,6900 ,
ร้อยเอ็ด ,ประเภทบ้านแถว (ทาวน์เฮาส์) ,7100 ,
ร้อยเอ็ด ,ประเภทห้องแถว ,6350 ,
ร้อยเอ็ด ,ประเภทตึกแถว ,7550 ,
ร้อยเอ็ด ,คลังสินค้า พื้นที่ไม่เกิน 300 ตารางเมตร ,5500 ,
ร้อยเอ็ด ,คลังสินค้า พื้นที่เกินกว่า 300 ตารางเมตรขึ้นไป ,3350 ,
ร้อยเอ็ด ,สถานศึกษา ,7100 ,
ร้อยเอ็ด ,โรงแรม ความสูงไม่เกิน 5 ชั้น ,9450 ,
ร้อยเอ็ด ,โรงแรม ความสูงเกินกว่า 5 ชั้นขึ้นไป ,10000 ,
ร้อยเอ็ด ,โรงมหรสพ ,7700 ,
ร้อยเอ็ด ,สถานพยาบาล ,8950 ,
ร้อยเอ็ด ,สำนักงาน ความสูงไม่เกิน 5 ชั้น ,7400 ,
ร้อยเอ็ด ,สำนักงาน ความสูงเกินกว่า 5 ชั้นขึ้นไป ,8600 ,
ร้อยเอ็ด ,ภัตตาคาร  ,6700 ,
ร้อยเอ็ด ,ห้างสรรพสินค้า ,9150 ,
ร้อยเอ็ด ,อาคารพาณิชยกรรม ประเภทค้าปลีกค้าส่ง ,7900 ,
ร้อยเอ็ด ,สถานีบริการน้ำมันเชื้อเพลิง ,5250 , พื้นที่อาคารและบริเวณหัวจ่าย
ร้อยเอ็ด ,โรงงาน ,5650 ,
ร้อยเอ็ด ,ตลาด พื้นที่ไม่เกิน 1000 ตารางเมตร  ,3450 , พื้นที่ของแต่ละอาคาร
ร้อยเอ็ด ,ตลาด พื้นที่เกินกว่า 1000 ตารางเมตรขึ้นไป  ,3800 , พื้นที่ของแต่ละอาคาร
ร้อยเอ็ด ,อาคารพาณิชย์ ประเภทโฮมออฟฟิศ ,8900 ,
ร้อยเอ็ด ,โรงงานซ่อมรถยนต์ ,5450 ,
ระนอง ,ประเภทบ้านเดี่ยว ,6700 ,
ระนอง ,ประเภทบ้านแถว (ทาวน์เฮาส์) ,7100 ,
ระนอง ,ประเภทห้องแถว ,6750 ,
ระนอง ,ประเภทตึกแถว ,7750 ,
ระนอง ,คลังสินค้า พื้นที่ไม่เกิน 300 ตารางเมตร ,5550 ,
ระนอง ,คลังสินค้า พื้นที่เกินกว่า 300 ตารางเมตรขึ้นไป ,3450 ,
ระนอง ,สถานศึกษา ,7300 ,
ระนอง ,โรงแรม ความสูงไม่เกิน 5 ชั้น ,9400 ,
ระนอง ,โรงแรม ความสูงเกินกว่า 5 ชั้นขึ้นไป ,9900 ,
ระนอง ,โรงมหรสพ ,7800 ,
ระนอง ,สถานพยาบาล ,9400 ,
ระนอง ,สำนักงาน ความสูงไม่เกิน 5 ชั้น ,7200 ,
ระนอง ,สำนักงาน ความสูงเกินกว่า 5 ชั้นขึ้นไป ,8750 ,
ระนอง ,ภัตตาคาร  ,6900 ,
ระนอง ,ห้างสรรพสินค้า ,9400 ,
ระนอง ,อาคารพาณิชยกรรม ประเภทค้าปลีกค้าส่ง ,7900 ,
ระนอง ,สถานีบริการน้ำมันเชื้อเพลิง ,5500 , พื้นที่อาคารและบริเวณหัวจ่าย
ระนอง ,โรงงาน ,6100 ,
ระนอง ,ตลาด พื้นที่ไม่เกิน 1000 ตารางเมตร  ,3550 , พื้นที่ของแต่ละอาคาร
ระนอง ,ตลาด พื้นที่เกินกว่า 1000 ตารางเมตรขึ้นไป  ,3800 , พื้นที่ของแต่ละอาคาร
ระนอง ,อาคารพาณิชย์ ประเภทโฮมออฟฟิศ ,8750 ,
ระนอง ,โรงงานซ่อมรถยนต์ ,5750 ,
ระยอง ,ประเภทบ้านเดี่ยว ,7250 ,
ระยอง ,ประเภทบ้านแถว (ทาวน์เฮาส์) ,7150 ,
ระยอง ,ประเภทห้องแถว ,7000 ,
ระยอง ,ประเภทตึกแถว ,7600 ,
ระยอง ,คลังสินค้า พื้นที่ไม่เกิน 300 ตารางเมตร ,5500 ,
ระยอง ,คลังสินค้า พื้นที่เกินกว่า 300 ตารางเมตรขึ้นไป ,3400 ,
ระยอง ,สถานศึกษา ,7550 ,
ระยอง ,โรงแรม ความสูงไม่เกิน 5 ชั้น ,9050 ,
ระยอง ,โรงแรม ความสูงเกินกว่า 5 ชั้นขึ้นไป ,9850 ,
ระยอง ,โรงมหรสพ ,7900 ,
ระยอง ,สถานพยาบาล ,9300 ,
ระยอง ,สำนักงาน ความสูงไม่เกิน 5 ชั้น ,7250 ,
ระยอง ,สำนักงาน ความสูงเกินกว่า 5 ชั้นขึ้นไป ,8400 ,
ระยอง ,ภัตตาคาร  ,6400 ,
ระยอง ,ห้างสรรพสินค้า ,9050 ,
ระยอง ,อาคารพาณิชยกรรม ประเภทค้าปลีกค้าส่ง ,7850 ,
ระยอง ,สถานีบริการน้ำมันเชื้อเพลิง ,5250 , พื้นที่อาคารและบริเวณหัวจ่าย
ระยอง ,โรงงาน ,6000 ,
ระยอง ,ตลาด พื้นที่ไม่เกิน 1000 ตารางเมตร  ,3400 , พื้นที่ของแต่ละอาคาร
ระยอง ,ตลาด พื้นที่เกินกว่า 1000 ตารางเมตรขึ้นไป  ,3750 , พื้นที่ของแต่ละอาคาร
ระยอง ,อาคารพาณิชย์ ประเภทโฮมออฟฟิศ ,8500 ,
ระยอง ,โรงงานซ่อมรถยนต์ ,5600 ,
ราชบุรี ,ประเภทบ้านเดี่ยว ,6600 ,
ราชบุรี ,ประเภทบ้านแถว (ทาวน์เฮาส์) ,6650 ,
ราชบุรี ,ประเภทห้องแถว ,6450 ,
ราชบุรี ,ประเภทตึกแถว ,7450 ,
ราชบุรี ,คลังสินค้า พื้นที่ไม่เกิน 300 ตารางเมตร ,5350 ,
ราชบุรี ,คลังสินค้า พื้นที่เกินกว่า 300 ตารางเมตรขึ้นไป ,3350 ,
ราชบุรี ,สถานศึกษา ,6900 ,
ราชบุรี ,โรงแรม ความสูงไม่เกิน 5 ชั้น ,9750 ,
ราชบุรี ,โรงแรม ความสูงเกินกว่า 5 ชั้นขึ้นไป ,9950 ,
ราชบุรี ,โรงมหรสพ ,7700 ,
ราชบุรี ,สถานพยาบาล ,9350 ,
ราชบุรี ,สำนักงาน ความสูงไม่เกิน 5 ชั้น ,6900 ,
ราชบุรี ,สำนักงาน ความสูงเกินกว่า 5 ชั้นขึ้นไป ,9000 ,
ราชบุรี ,ภัตตาคาร  ,6350 ,
ราชบุรี ,ห้างสรรพสินค้า ,9200 ,
ราชบุรี ,อาคารพาณิชยกรรม ประเภทค้าปลีกค้าส่ง ,7800 ,
ราชบุรี ,สถานีบริการน้ำมันเชื้อเพลิง ,5100 , พื้นที่อาคารและบริเวณหัวจ่าย
ราชบุรี ,โรงงาน ,5600 ,
ราชบุรี ,ตลาด พื้นที่ไม่เกิน 1000 ตารางเมตร  ,3450 , พื้นที่ของแต่ละอาคาร
ราชบุรี ,ตลาด พื้นที่เกินกว่า 1000 ตารางเมตรขึ้นไป  ,3700 , พื้นที่ของแต่ละอาคาร
ราชบุรี ,อาคารพาณิชย์ ประเภทโฮมออฟฟิศ ,8350 ,
ราชบุรี ,โรงงานซ่อมรถยนต์ ,5500 ,
ลพบุรี ,ประเภทบ้านเดี่ยว ,6650 ,
ลพบุรี ,ประเภทบ้านแถว (ทาวน์เฮาส์) ,6600 ,
ลพบุรี ,ประเภทห้องแถว ,6850 ,
ลพบุรี ,ประเภทตึกแถว ,7450 ,
ลพบุรี ,คลังสินค้า พื้นที่ไม่เกิน 300 ตารางเมตร ,5650 ,
ลพบุรี ,คลังสินค้า พื้นที่เกินกว่า 300 ตารางเมตรขึ้นไป ,3450 ,
ลพบุรี ,สถานศึกษา ,6900 ,
ลพบุรี ,โรงแรม ความสูงไม่เกิน 5 ชั้น ,9200 ,
ลพบุรี ,โรงแรม ความสูงเกินกว่า 5 ชั้นขึ้นไป ,9900 ,
ลพบุรี ,โรงมหรสพ ,7650 ,
ลพบุรี ,สถานพยาบาล ,9100 ,
ลพบุรี ,สำนักงาน ความสูงไม่เกิน 5 ชั้น ,7100 ,
ลพบุรี ,สำนักงาน ความสูงเกินกว่า 5 ชั้นขึ้นไป ,8350 ,
ลพบุรี ,ภัตตาคาร  ,6400 ,
ลพบุรี ,ห้างสรรพสินค้า ,9400 ,
ลพบุรี ,อาคารพาณิชยกรรม ประเภทค้าปลีกค้าส่ง ,7950 ,
ลพบุรี ,สถานีบริการน้ำมันเชื้อเพลิง ,5350 , พื้นที่อาคารและบริเวณหัวจ่าย
ลพบุรี ,โรงงาน ,6000 ,
ลพบุรี ,ตลาด พื้นที่ไม่เกิน 1000 ตารางเมตร  ,3550 , พื้นที่ของแต่ละอาคาร
ลพบุรี ,ตลาด พื้นที่เกินกว่า 1000 ตารางเมตรขึ้นไป  ,3750 , พื้นที่ของแต่ละอาคาร
ลพบุรี ,อาคารพาณิชย์ ประเภทโฮมออฟฟิศ ,8450 ,
ลพบุรี ,โรงงานซ่อมรถยนต์ ,5550 ,
ลำปาง ,ประเภทบ้านเดี่ยว ,6800 ,
ลำปาง ,ประเภทบ้านแถว (ทาวน์เฮาส์) ,7100 ,
ลำปาง ,ประเภทห้องแถว ,7100 ,
ลำปาง ,ประเภทตึกแถว ,7800 ,
ลำปาง ,คลังสินค้า พื้นที่ไม่เกิน 300 ตารางเมตร ,5600 ,
ลำปาง ,คลังสินค้า พื้นที่เกินกว่า 300 ตารางเมตรขึ้นไป ,3500 ,
ลำปาง ,สถานศึกษา ,7250 ,
ลำปาง ,โรงแรม ความสูงไม่เกิน 5 ชั้น ,9350 ,
ลำปาง ,โรงแรม ความสูงเกินกว่า 5 ชั้นขึ้นไป ,9900 ,
ลำปาง ,โรงมหรสพ ,8050 ,
ลำปาง ,สถานพยาบาล ,9300 ,
ลำปาง ,สำนักงาน ความสูงไม่เกิน 5 ชั้น ,7250 ,
ลำปาง ,สำนักงาน ความสูงเกินกว่า 5 ชั้นขึ้นไป ,8500 ,
ลำปาง ,ภัตตาคาร  ,6600 ,
ลำปาง ,ห้างสรรพสินค้า ,9400 ,
ลำปาง ,อาคารพาณิชยกรรม ประเภทค้าปลีกค้าส่ง ,8200 ,
ลำปาง ,สถานีบริการน้ำมันเชื้อเพลิง ,5250 , พื้นที่อาคารและบริเวณหัวจ่าย
ลำปาง ,โรงงาน ,6050 ,
ลำปาง ,ตลาด พื้นที่ไม่เกิน 1000 ตารางเมตร  ,3650 , พื้นที่ของแต่ละอาคาร
ลำปาง ,ตลาด พื้นที่เกินกว่า 1000 ตารางเมตรขึ้นไป  ,4000 , พื้นที่ของแต่ละอาคาร
ลำปาง ,อาคารพาณิชย์ ประเภทโฮมออฟฟิศ ,8700 ,
ลำปาง ,โรงงานซ่อมรถยนต์ ,5650 ,
ลำพูน ,ประเภทบ้านเดี่ยว ,6750 ,
ลำพูน ,ประเภทบ้านแถว (ทาวน์เฮาส์) ,7000 ,
ลำพูน ,ประเภทห้องแถว ,6900 ,
ลำพูน ,ประเภทตึกแถว ,7800 ,
ลำพูน ,คลังสินค้า พื้นที่ไม่เกิน 300 ตารางเมตร ,5700 ,
ลำพูน ,คลังสินค้า พื้นที่เกินกว่า 300 ตารางเมตรขึ้นไป ,3500 ,
ลำพูน ,สถานศึกษา ,7250 ,
ลำพูน ,โรงแรม ความสูงไม่เกิน 5 ชั้น ,9250 ,
ลำพูน ,โรงแรม ความสูงเกินกว่า 5 ชั้นขึ้นไป ,9700 ,
ลำพูน ,โรงมหรสพ ,8100 ,
ลำพูน ,สถานพยาบาล ,9300 ,
ลำพูน ,สำนักงาน ความสูงไม่เกิน 5 ชั้น ,7200 ,
ลำพูน ,สำนักงาน ความสูงเกินกว่า 5 ชั้นขึ้นไป ,8500 ,
ลำพูน ,ภัตตาคาร  ,6650 ,
ลำพูน ,ห้างสรรพสินค้า ,9600 ,
ลำพูน ,อาคารพาณิชยกรรม ประเภทค้าปลีกค้าส่ง ,8450 ,
ลำพูน ,สถานีบริการน้ำมันเชื้อเพลิง ,5550 , พื้นที่อาคารและบริเวณหัวจ่าย
ลำพูน ,โรงงาน ,6200 ,
ลำพูน ,ตลาด พื้นที่ไม่เกิน 1000 ตารางเมตร  ,3450 , พื้นที่ของแต่ละอาคาร
ลำพูน ,ตลาด พื้นที่เกินกว่า 1000 ตารางเมตรขึ้นไป  ,3800 , พื้นที่ของแต่ละอาคาร
ลำพูน ,อาคารพาณิชย์ ประเภทโฮมออฟฟิศ ,8600 ,
ลำพูน ,โรงงานซ่อมรถยนต์ ,5650 ,
เลย ,ประเภทบ้านเดี่ยว ,6500 ,
เลย ,ประเภทบ้านแถว (ทาวน์เฮาส์) ,6550 ,
เลย ,ประเภทห้องแถว ,6450 ,
เลย ,ประเภทตึกแถว ,7500 ,
เลย ,คลังสินค้า พื้นที่ไม่เกิน 300 ตารางเมตร ,5400 ,
เลย ,คลังสินค้า พื้นที่เกินกว่า 300 ตารางเมตรขึ้นไป ,3450 ,
เลย ,สถานศึกษา ,6750 ,
เลย ,โรงแรม ความสูงไม่เกิน 5 ชั้น ,8850 ,
เลย ,โรงแรม ความสูงเกินกว่า 5 ชั้นขึ้นไป ,9600 ,
เลย ,โรงมหรสพ ,7600 ,
เลย ,สถานพยาบาล ,8800 ,
เลย ,สำนักงาน ความสูงไม่เกิน 5 ชั้น ,6900 ,
เลย ,สำนักงาน ความสูงเกินกว่า 5 ชั้นขึ้นไป ,8300 ,
เลย ,ภัตตาคาร  ,6300 ,
เลย ,ห้างสรรพสินค้า ,8800 ,
เลย ,อาคารพาณิชยกรรม ประเภทค้าปลีกค้าส่ง ,7600 ,
เลย ,สถานีบริการน้ำมันเชื้อเพลิง ,5000 , พื้นที่อาคารและบริเวณหัวจ่าย
เลย ,โรงงาน ,5750 ,
เลย ,ตลาด พื้นที่ไม่เกิน 1000 ตารางเมตร  ,3550 , พื้นที่ของแต่ละอาคาร
เลย ,ตลาด พื้นที่เกินกว่า 1000 ตารางเมตรขึ้นไป  ,3650 , พื้นที่ของแต่ละอาคาร
เลย ,อาคารพาณิชย์ ประเภทโฮมออฟฟิศ ,8300 ,
เลย ,โรงงานซ่อมรถยนต์ ,5550 ,
ศรีสะเกษ ,ประเภทบ้านเดี่ยว ,6550 ,
ศรีสะเกษ ,ประเภทบ้านแถว (ทาวน์เฮาส์) ,6800 ,
ศรีสะเกษ ,ประเภทห้องแถว ,6700 ,
ศรีสะเกษ ,ประเภทตึกแถว ,7350 ,
ศรีสะเกษ ,คลังสินค้า พื้นที่ไม่เกิน 300 ตารางเมตร ,5300 ,
ศรีสะเกษ ,คลังสินค้า พื้นที่เกินกว่า 300 ตารางเมตรขึ้นไป ,3350 ,
ศรีสะเกษ ,สถานศึกษา ,7000 ,
ศรีสะเกษ ,โรงแรม ความสูงไม่เกิน 5 ชั้น ,9050 ,
ศรีสะเกษ ,โรงแรม ความสูงเกินกว่า 5 ชั้นขึ้นไป ,9550 ,
ศรีสะเกษ ,โรงมหรสพ ,7500 ,
ศรีสะเกษ ,สถานพยาบาล ,8900 ,
ศรีสะเกษ ,สำนักงาน ความสูงไม่เกิน 5 ชั้น ,6800 ,
ศรีสะเกษ ,สำนักงาน ความสูงเกินกว่า 5 ชั้นขึ้นไป ,8050 ,
ศรีสะเกษ ,ภัตตาคาร  ,6450 ,
ศรีสะเกษ ,ห้างสรรพสินค้า ,8950 ,
ศรีสะเกษ ,อาคารพาณิชยกรรม ประเภทค้าปลีกค้าส่ง ,7650 ,
ศรีสะเกษ ,สถานีบริการน้ำมันเชื้อเพลิง ,5100 , พื้นที่อาคารและบริเวณหัวจ่าย
ศรีสะเกษ ,โรงงาน ,5850 ,
ศรีสะเกษ ,ตลาด พื้นที่ไม่เกิน 1000 ตารางเมตร  ,3300 , พื้นที่ของแต่ละอาคาร
ศรีสะเกษ ,ตลาด พื้นที่เกินกว่า 1000 ตารางเมตรขึ้นไป  ,3650 , พื้นที่ของแต่ละอาคาร
ศรีสะเกษ ,อาคารพาณิชย์ ประเภทโฮมออฟฟิศ ,8500 ,
ศรีสะเกษ ,โรงงานซ่อมรถยนต์ ,5400 ,
สกลนคร ,ประเภทบ้านเดี่ยว ,6800 ,
สกลนคร ,ประเภทบ้านแถว (ทาวน์เฮาส์) ,6800 ,
สกลนคร ,ประเภทห้องแถว ,6450 ,
สกลนคร ,ประเภทตึกแถว ,7550 ,
สกลนคร ,คลังสินค้า พื้นที่ไม่เกิน 300 ตารางเมตร ,5550 ,
สกลนคร ,คลังสินค้า พื้นที่เกินกว่า 300 ตารางเมตรขึ้นไป ,3400 ,
สกลนคร ,สถานศึกษา ,6900 ,
สกลนคร ,โรงแรม ความสูงไม่เกิน 5 ชั้น ,9250 ,
สกลนคร ,โรงแรม ความสูงเกินกว่า 5 ชั้นขึ้นไป ,9950 ,
สกลนคร ,โรงมหรสพ ,7650 ,
สกลนคร ,สถานพยาบาล ,9000 ,
สกลนคร ,สำนักงาน ความสูงไม่เกิน 5 ชั้น ,7250 ,
สกลนคร ,สำนักงาน ความสูงเกินกว่า 5 ชั้นขึ้นไป ,8450 ,
สกลนคร ,ภัตตาคาร  ,6600 ,
สกลนคร ,ห้างสรรพสินค้า ,9050 ,
สกลนคร ,อาคารพาณิชยกรรม ประเภทค้าปลีกค้าส่ง ,7850 ,
สกลนคร ,สถานีบริการน้ำมันเชื้อเพลิง ,5200 , พื้นที่อาคารและบริเวณหัวจ่าย
สกลนคร ,โรงงาน ,5700 ,
สกลนคร ,ตลาด พื้นที่ไม่เกิน 1000 ตารางเมตร  ,3450 , พื้นที่ของแต่ละอาคาร
สกลนคร ,ตลาด พื้นที่เกินกว่า 1000 ตารางเมตรขึ้นไป  ,3750 , พื้นที่ของแต่ละอาคาร
สกลนคร ,อาคารพาณิชย์ ประเภทโฮมออฟฟิศ ,8650 ,
สกลนคร ,โรงงานซ่อมรถยนต์ ,5350 ,
สงขลา ,ประเภทบ้านเดี่ยว ,6850 ,
สงขลา ,ประเภทบ้านแถว (ทาวน์เฮาส์) ,6800 ,
สงขลา ,ประเภทห้องแถว ,6500 ,
สงขลา ,ประเภทตึกแถว ,7500 ,
สงขลา ,คลังสินค้า พื้นที่ไม่เกิน 300 ตารางเมตร ,5650 ,
สงขลา ,คลังสินค้า พื้นที่เกินกว่า 300 ตารางเมตรขึ้นไป ,3500 ,
สงขลา ,สถานศึกษา ,6900 ,
สงขลา ,โรงแรม ความสูงไม่เกิน 5 ชั้น ,9200 ,
สงขลา ,โรงแรม ความสูงเกินกว่า 5 ชั้นขึ้นไป ,9800 ,
สงขลา ,โรงมหรสพ ,7850 ,
สงขลา ,สถานพยาบาล ,9100 ,
สงขลา ,สำนักงาน ความสูงไม่เกิน 5 ชั้น ,7400 ,
สงขลา ,สำนักงาน ความสูงเกินกว่า 5 ชั้นขึ้นไป ,8350 ,
สงขลา ,ภัตตาคาร  ,6500 ,
สงขลา ,ห้างสรรพสินค้า ,9150 ,
สงขลา ,อาคารพาณิชยกรรม ประเภทค้าปลีกค้าส่ง ,8000 ,
สงขลา ,สถานีบริการน้ำมันเชื้อเพลิง ,5100 , พื้นที่อาคารและบริเวณหัวจ่าย
สงขลา ,โรงงาน ,5750 ,
สงขลา ,ตลาด พื้นที่ไม่เกิน 1000 ตารางเมตร  ,3650 , พื้นที่ของแต่ละอาคาร
สงขลา ,ตลาด พื้นที่เกินกว่า 1000 ตารางเมตรขึ้นไป  ,3850 , พื้นที่ของแต่ละอาคาร
สงขลา ,อาคารพาณิชย์ ประเภทโฮมออฟฟิศ ,8500 ,
สงขลา ,โรงงานซ่อมรถยนต์ ,5600 ,
สตูล ,ประเภทบ้านเดี่ยว ,7000 ,
สตูล ,ประเภทบ้านแถว (ทาวน์เฮาส์) ,6950 ,
สตูล ,ประเภทห้องแถว ,6550 ,
สตูล ,ประเภทตึกแถว ,7600 ,
สตูล ,คลังสินค้า พื้นที่ไม่เกิน 300 ตารางเมตร ,5600 ,
สตูล ,คลังสินค้า พื้นที่เกินกว่า 300 ตารางเมตรขึ้นไป ,3500 ,
สตูล ,สถานศึกษา ,7050 ,
สตูล ,โรงแรม ความสูงไม่เกิน 5 ชั้น ,9300 ,
สตูล ,โรงแรม ความสูงเกินกว่า 5 ชั้นขึ้นไป ,9900 ,
สตูล ,โรงมหรสพ ,7750 ,
สตูล ,สถานพยาบาล ,9200 ,
สตูล ,สำนักงาน ความสูงไม่เกิน 5 ชั้น ,7550 ,
สตูล ,สำนักงาน ความสูงเกินกว่า 5 ชั้นขึ้นไป ,8500 ,
สตูล ,ภัตตาคาร  ,6600 ,
สตูล ,ห้างสรรพสินค้า ,9300 ,
สตูล ,อาคารพาณิชยกรรม ประเภทค้าปลีกค้าส่ง ,8050 ,
สตูล ,สถานีบริการน้ำมันเชื้อเพลิง ,5150 , พื้นที่อาคารและบริเวณหัวจ่าย
สตูล ,โรงงาน ,5950 ,
สตูล ,ตลาด พื้นที่ไม่เกิน 1000 ตารางเมตร  ,3550 , พื้นที่ของแต่ละอาคาร
สตูล ,ตลาด พื้นที่เกินกว่า 1000 ตารางเมตรขึ้นไป  ,3800 , พื้นที่ของแต่ละอาคาร
สตูล ,อาคารพาณิชย์ ประเภทโฮมออฟฟิศ ,8600 ,
สตูล ,โรงงานซ่อมรถยนต์ ,5650 ,
สมุทรปราการ ,ประเภทบ้านเดี่ยว ,6650 ,
สมุทรปราการ ,ประเภทบ้านแถว (ทาวน์เฮาส์) ,7050 ,
สมุทรปราการ ,ประเภทห้องแถว ,6800 ,
สมุทรปราการ ,ประเภทตึกแถว ,7400 ,
สมุทรปราการ ,คลังสินค้า พื้นที่ไม่เกิน 300 ตารางเมตร ,5350 ,
สมุทรปราการ ,คลังสินค้า พื้นที่เกินกว่า 300 ตารางเมตรขึ้นไป ,3350 ,
สมุทรปราการ ,สถานศึกษา ,7100 ,
สมุทรปราการ ,โรงแรม ความสูงไม่เกิน 5 ชั้น ,9350 ,
สมุทรปราการ ,โรงแรม ความสูงเกินกว่า 5 ชั้นขึ้นไป ,9650 ,
สมุทรปราการ ,โรงมหรสพ ,7600 ,
สมุทรปราการ ,สถานพยาบาล ,9000 ,
สมุทรปราการ ,สำนักงาน ความสูงไม่เกิน 5 ชั้น ,7000 ,
สมุทรปราการ ,สำนักงาน ความสูงเกินกว่า 5 ชั้นขึ้นไป ,8300 ,
สมุทรปราการ ,ภัตตาคาร  ,6500 ,
สมุทรปราการ ,ห้างสรรพสินค้า ,8750 ,
สมุทรปราการ ,อาคารพาณิชยกรรม ประเภทค้าปลีกค้าส่ง ,7500 ,
สมุทรปราการ ,สถานีบริการน้ำมันเชื้อเพลิง ,5200 , พื้นที่อาคารและบริเวณหัวจ่าย
สมุทรปราการ ,โรงงาน ,5850 ,
สมุทรปราการ ,ตลาด พื้นที่ไม่เกิน 1000 ตารางเมตร  ,3500 , พื้นที่ของแต่ละอาคาร
สมุทรปราการ ,ตลาด พื้นที่เกินกว่า 1000 ตารางเมตรขึ้นไป  ,3700 , พื้นที่ของแต่ละอาคาร
สมุทรปราการ ,อาคารพาณิชย์ ประเภทโฮมออฟฟิศ ,8700 ,
สมุทรปราการ ,โรงงานซ่อมรถยนต์ ,5450 ,
สมุทรสงคราม ,ประเภทบ้านเดี่ยว ,6900 ,
สมุทรสงคราม ,ประเภทบ้านแถว (ทาวน์เฮาส์) ,7250 ,
สมุทรสงคราม ,ประเภทห้องแถว ,6900 ,
สมุทรสงคราม ,ประเภทตึกแถว ,7700 ,
สมุทรสงคราม ,คลังสินค้า พื้นที่ไม่เกิน 300 ตารางเมตร ,5600 ,
สมุทรสงคราม ,คลังสินค้า พื้นที่เกินกว่า 300 ตารางเมตรขึ้นไป ,3450 ,
สมุทรสงคราม ,สถานศึกษา ,7250 ,
สมุทรสงคราม ,โรงแรม ความสูงไม่เกิน 5 ชั้น ,9300 ,
สมุทรสงคราม ,โรงแรม ความสูงเกินกว่า 5 ชั้นขึ้นไป ,9850 ,
สมุทรสงคราม ,โรงมหรสพ ,8000 ,
สมุทรสงคราม ,สถานพยาบาล ,9200 ,
สมุทรสงคราม ,สำนักงาน ความสูงไม่เกิน 5 ชั้น ,7350 ,
สมุทรสงคราม ,สำนักงาน ความสูงเกินกว่า 5 ชั้นขึ้นไป ,8500 ,
สมุทรสงคราม ,ภัตตาคาร  ,6700 ,
สมุทรสงคราม ,ห้างสรรพสินค้า ,9050 ,
สมุทรสงคราม ,อาคารพาณิชยกรรม ประเภทค้าปลีกค้าส่ง ,7900 ,
สมุทรสงคราม ,สถานีบริการน้ำมันเชื้อเพลิง ,5400 , พื้นที่อาคารและบริเวณหัวจ่าย
สมุทรสงคราม ,โรงงาน ,6100 ,
สมุทรสงคราม ,ตลาด พื้นที่ไม่เกิน 1000 ตารางเมตร  ,3650 , พื้นที่ของแต่ละอาคาร
สมุทรสงคราม ,ตลาด พื้นที่เกินกว่า 1000 ตารางเมตรขึ้นไป  ,3900 , พื้นที่ของแต่ละอาคาร
สมุทรสงคราม ,อาคารพาณิชย์ ประเภทโฮมออฟฟิศ ,8900 ,
สมุทรสงคราม ,โรงงานซ่อมรถยนต์ ,5650 ,
สมุทรสาคร ,ประเภทบ้านเดี่ยว ,6900 ,
สมุทรสาคร ,ประเภทบ้านแถว (ทาวน์เฮาส์) ,7250 ,
สมุทรสาคร ,ประเภทห้องแถว ,6900 ,
สมุทรสาคร ,ประเภทตึกแถว ,7700 ,
สมุทรสาคร ,คลังสินค้า พื้นที่ไม่เกิน 300 ตารางเมตร ,5600 ,
สมุทรสาคร ,คลังสินค้า พื้นที่เกินกว่า 300 ตารางเมตรขึ้นไป ,3450 ,
สมุทรสาคร ,สถานศึกษา ,7250 ,
สมุทรสาคร ,โรงแรม ความสูงไม่เกิน 5 ชั้น ,9300 ,
สมุทรสาคร ,โรงแรม ความสูงเกินกว่า 5 ชั้นขึ้นไป ,9850 ,
สมุทรสาคร ,โรงมหรสพ ,8000 ,
สมุทรสาคร ,สถานพยาบาล ,9200 ,
สมุทรสาคร ,สำนักงาน ความสูงไม่เกิน 5 ชั้น ,7350 ,
สมุทรสาคร ,สำนักงาน ความสูงเกินกว่า 5 ชั้นขึ้นไป ,8500 ,
สมุทรสาคร ,ภัตตาคาร  ,6700 ,
สมุทรสาคร ,ห้างสรรพสินค้า ,9050 ,
สมุทรสาคร ,อาคารพาณิชยกรรม ประเภทค้าปลีกค้าส่ง ,7900 ,
สมุทรสาคร ,สถานีบริการน้ำมันเชื้อเพลิง ,5400 , พื้นที่อาคารและบริเวณหัวจ่าย
สมุทรสาคร ,โรงงาน ,6100 ,
สมุทรสาคร ,ตลาด พื้นที่ไม่เกิน 1000 ตารางเมตร  ,3650 , พื้นที่ของแต่ละอาคาร
สมุทรสาคร ,ตลาด พื้นที่เกินกว่า 1000 ตารางเมตรขึ้นไป  ,3900 , พื้นที่ของแต่ละอาคาร
สมุทรสาคร ,อาคารพาณิชย์ ประเภทโฮมออฟฟิศ ,8900 ,
สมุทรสาคร ,โรงงานซ่อมรถยนต์ ,5650 ,
สระแก้ว ,ประเภทบ้านเดี่ยว ,6450 ,
สระแก้ว ,ประเภทบ้านแถว (ทาวน์เฮาส์) ,6800 ,
สระแก้ว ,ประเภทห้องแถว ,6550 ,
สระแก้ว ,ประเภทตึกแถว ,7600 ,
สระแก้ว ,คลังสินค้า พื้นที่ไม่เกิน 300 ตารางเมตร ,5300 ,
สระแก้ว ,คลังสินค้า พื้นที่เกินกว่า 300 ตารางเมตรขึ้นไป ,3350 ,
สระแก้ว ,สถานศึกษา ,7250 ,
สระแก้ว ,โรงแรม ความสูงไม่เกิน 5 ชั้น ,9150 ,
สระแก้ว ,โรงแรม ความสูงเกินกว่า 5 ชั้นขึ้นไป ,9850 ,
สระแก้ว ,โรงมหรสพ ,7850 ,
สระแก้ว ,สถานพยาบาล ,9200 ,
สระแก้ว ,สำนักงาน ความสูงไม่เกิน 5 ชั้น ,7100 ,
สระแก้ว ,สำนักงาน ความสูงเกินกว่า 5 ชั้นขึ้นไป ,8300 ,
สระแก้ว ,ภัตตาคาร  ,6500 ,
สระแก้ว ,ห้างสรรพสินค้า ,9050 ,
สระแก้ว ,อาคารพาณิชยกรรม ประเภทค้าปลีกค้าส่ง ,7750 ,
สระแก้ว ,สถานีบริการน้ำมันเชื้อเพลิง ,5150 , พื้นที่อาคารและบริเวณหัวจ่าย
สระแก้ว ,โรงงาน ,5850 ,
สระแก้ว ,ตลาด พื้นที่ไม่เกิน 1000 ตารางเมตร  ,3500 , พื้นที่ของแต่ละอาคาร
สระแก้ว ,ตลาด พื้นที่เกินกว่า 1000 ตารางเมตรขึ้นไป  ,3700 , พื้นที่ของแต่ละอาคาร
สระแก้ว ,อาคารพาณิชย์ ประเภทโฮมออฟฟิศ ,8550 ,
สระแก้ว ,โรงงานซ่อมรถยนต์ ,5550 ,
สระบุรี ,ประเภทบ้านเดี่ยว ,6500 ,
สระบุรี ,ประเภทบ้านแถว (ทาวน์เฮาส์) ,6600 ,
สระบุรี ,ประเภทห้องแถว ,6650 ,
สระบุรี ,ประเภทตึกแถว ,7200 ,
สระบุรี ,คลังสินค้า พื้นที่ไม่เกิน 300 ตารางเมตร ,5450 ,
สระบุรี ,คลังสินค้า พื้นที่เกินกว่า 300 ตารางเมตรขึ้นไป ,3350 ,
สระบุรี ,สถานศึกษา ,6700 ,
สระบุรี ,โรงแรม ความสูงไม่เกิน 5 ชั้น ,8950 ,
สระบุรี ,โรงแรม ความสูงเกินกว่า 5 ชั้นขึ้นไป ,9600 ,
สระบุรี ,โรงมหรสพ ,7350 ,
สระบุรี ,สถานพยาบาล ,8700 ,
สระบุรี ,สำนักงาน ความสูงไม่เกิน 5 ชั้น ,6900 ,
สระบุรี ,สำนักงาน ความสูงเกินกว่า 5 ชั้นขึ้นไป ,8050 ,
สระบุรี ,ภัตตาคาร  ,6300 ,
สระบุรี ,ห้างสรรพสินค้า ,8700 ,
สระบุรี ,อาคารพาณิชยกรรม ประเภทค้าปลีกค้าส่ง ,7450 ,
สระบุรี ,สถานีบริการน้ำมันเชื้อเพลิง ,5050 , พื้นที่อาคารและบริเวณหัวจ่าย
สระบุรี ,โรงงาน ,5600 ,
สระบุรี ,ตลาด พื้นที่ไม่เกิน 1000 ตารางเมตร  ,3450 , พื้นที่ของแต่ละอาคาร
สระบุรี ,ตลาด พื้นที่เกินกว่า 1000 ตารางเมตรขึ้นไป  ,3700 , พื้นที่ของแต่ละอาคาร
สระบุรี ,อาคารพาณิชย์ ประเภทโฮมออฟฟิศ ,8350 ,
สระบุรี ,โรงงานซ่อมรถยนต์ ,5450 ,
สิงห์บุรี ,ประเภทบ้านเดี่ยว ,6650 ,
สิงห์บุรี ,ประเภทบ้านแถว (ทาวน์เฮาส์) ,6600 ,
สิงห์บุรี ,ประเภทห้องแถว ,6850 ,
สิงห์บุรี ,ประเภทตึกแถว ,7450 ,
สิงห์บุรี ,คลังสินค้า พื้นที่ไม่เกิน 300 ตารางเมตร ,5650 ,
สิงห์บุรี ,คลังสินค้า พื้นที่เกินกว่า 300 ตารางเมตรขึ้นไป ,3450 ,
สิงห์บุรี ,สถานศึกษา ,6900 ,
สิงห์บุรี ,โรงแรม ความสูงไม่เกิน 5 ชั้น ,9150 ,
สิงห์บุรี ,โรงแรม ความสูงเกินกว่า 5 ชั้นขึ้นไป ,9900 ,
สิงห์บุรี ,โรงมหรสพ ,7650 ,
สิงห์บุรี ,สถานพยาบาล ,9100 ,
สิงห์บุรี ,สำนักงาน ความสูงไม่เกิน 5 ชั้น ,7100 ,
สิงห์บุรี ,สำนักงาน ความสูงเกินกว่า 5 ชั้นขึ้นไป ,8350 ,
สิงห์บุรี ,ภัตตาคาร  ,6400 ,
สิงห์บุรี ,ห้างสรรพสินค้า ,9400 ,
สิงห์บุรี ,อาคารพาณิชยกรรม ประเภทค้าปลีกค้าส่ง ,7950 ,
สิงห์บุรี ,สถานีบริการน้ำมันเชื้อเพลิง ,5350 , พื้นที่อาคารและบริเวณหัวจ่าย
สิงห์บุรี ,โรงงาน ,6000 ,
สิงห์บุรี ,ตลาด พื้นที่ไม่เกิน 1000 ตารางเมตร  ,3550 , พื้นที่ของแต่ละอาคาร
สิงห์บุรี ,ตลาด พื้นที่เกินกว่า 1000 ตารางเมตรขึ้นไป  ,3750 , พื้นที่ของแต่ละอาคาร
สิงห์บุรี ,อาคารพาณิชย์ ประเภทโฮมออฟฟิศ ,8400 ,
สิงห์บุรี ,โรงงานซ่อมรถยนต์ ,5550 ,
สุโขทัย ,ประเภทบ้านเดี่ยว ,6700 ,
สุโขทัย ,ประเภทบ้านแถว (ทาวน์เฮาส์) ,6650 ,
สุโขทัย ,ประเภทห้องแถว ,6400 ,
สุโขทัย ,ประเภทตึกแถว ,7150 ,
สุโขทัย ,คลังสินค้า พื้นที่ไม่เกิน 300 ตารางเมตร ,5400 ,
สุโขทัย ,คลังสินค้า พื้นที่เกินกว่า 300 ตารางเมตรขึ้นไป ,3300 ,
สุโขทัย ,สถานศึกษา ,6700 ,
สุโขทัย ,โรงแรม ความสูงไม่เกิน 5 ชั้น ,9200 ,
สุโขทัย ,โรงแรม ความสูงเกินกว่า 5 ชั้นขึ้นไป ,9600 ,
สุโขทัย ,โรงมหรสพ ,7450 ,
สุโขทัย ,สถานพยาบาล ,8850 ,
สุโขทัย ,สำนักงาน ความสูงไม่เกิน 5 ชั้น ,7000 ,
สุโขทัย ,สำนักงาน ความสูงเกินกว่า 5 ชั้นขึ้นไป ,8400 ,
สุโขทัย ,ภัตตาคาร  ,6400 ,
สุโขทัย ,ห้างสรรพสินค้า ,8850 ,
สุโขทัย ,อาคารพาณิชยกรรม ประเภทค้าปลีกค้าส่ง ,7500 ,
สุโขทัย ,สถานีบริการน้ำมันเชื้อเพลิง ,5200 , พื้นที่อาคารและบริเวณหัวจ่าย
สุโขทัย ,โรงงาน ,5650 ,
สุโขทัย ,ตลาด พื้นที่ไม่เกิน 1000 ตารางเมตร  ,3450 , พื้นที่ของแต่ละอาคาร
สุโขทัย ,ตลาด พื้นที่เกินกว่า 1000 ตารางเมตรขึ้นไป  ,3650 , พื้นที่ของแต่ละอาคาร
สุโขทัย ,อาคารพาณิชย์ ประเภทโฮมออฟฟิศ ,8600 ,
สุโขทัย ,โรงงานซ่อมรถยนต์ ,5150 ,
สุพรรณบุรี ,ประเภทบ้านเดี่ยว ,6600 ,
สุพรรณบุรี ,ประเภทบ้านแถว (ทาวน์เฮาส์) ,6600 ,
สุพรรณบุรี ,ประเภทห้องแถว ,6400 ,
สุพรรณบุรี ,ประเภทตึกแถว ,7400 ,
สุพรรณบุรี ,คลังสินค้า พื้นที่ไม่เกิน 300 ตารางเมตร ,5400 ,
สุพรรณบุรี ,คลังสินค้า พื้นที่เกินกว่า 300 ตารางเมตรขึ้นไป ,3350 ,
สุพรรณบุรี ,สถานศึกษา ,6950 ,
สุพรรณบุรี ,โรงแรม ความสูงไม่เกิน 5 ชั้น ,9750 ,
สุพรรณบุรี ,โรงแรม ความสูงเกินกว่า 5 ชั้นขึ้นไป ,9900 ,
สุพรรณบุรี ,โรงมหรสพ ,7750 ,
สุพรรณบุรี ,สถานพยาบาล ,9450 ,
สุพรรณบุรี ,สำนักงาน ความสูงไม่เกิน 5 ชั้น ,6950 ,
สุพรรณบุรี ,สำนักงาน ความสูงเกินกว่า 5 ชั้นขึ้นไป ,9000 ,
สุพรรณบุรี ,ภัตตาคาร  ,6350 ,
สุพรรณบุรี ,ห้างสรรพสินค้า ,9200 ,
สุพรรณบุรี ,อาคารพาณิชยกรรม ประเภทค้าปลีกค้าส่ง ,7800 ,
สุพรรณบุรี ,สถานีบริการน้ำมันเชื้อเพลิง ,5100 , พื้นที่อาคารและบริเวณหัวจ่าย
สุพรรณบุรี ,โรงงาน ,5600 ,
สุพรรณบุรี ,ตลาด พื้นที่ไม่เกิน 1000 ตารางเมตร  ,3450 , พื้นที่ของแต่ละอาคาร
สุพรรณบุรี ,ตลาด พื้นที่เกินกว่า 1000 ตารางเมตรขึ้นไป  ,3700 , พื้นที่ของแต่ละอาคาร
สุพรรณบุรี ,อาคารพาณิชย์ ประเภทโฮมออฟฟิศ ,8400 ,
สุพรรณบุรี ,โรงงานซ่อมรถยนต์ ,5500 ,
สุราษฎร์ธานี ,ประเภทบ้านเดี่ยว ,6550 ,
สุราษฎร์ธานี ,ประเภทบ้านแถว (ทาวน์เฮาส์) ,6750 ,
สุราษฎร์ธานี ,ประเภทห้องแถว ,6650 ,
สุราษฎร์ธานี ,ประเภทตึกแถว ,7550 ,
สุราษฎร์ธานี ,คลังสินค้า พื้นที่ไม่เกิน 300 ตารางเมตร ,5600 ,
สุราษฎร์ธานี ,คลังสินค้า พื้นที่เกินกว่า 300 ตารางเมตรขึ้นไป ,3300 ,
สุราษฎร์ธานี ,สถานศึกษา ,6950 ,
สุราษฎร์ธานี ,โรงแรม ความสูงไม่เกิน 5 ชั้น ,9600 ,
สุราษฎร์ธานี ,โรงแรม ความสูงเกินกว่า 5 ชั้นขึ้นไป ,9800 ,
สุราษฎร์ธานี ,โรงมหรสพ ,7500 ,
สุราษฎร์ธานี ,สถานพยาบาล ,9150 ,
สุราษฎร์ธานี ,สำนักงาน ความสูงไม่เกิน 5 ชั้น ,7050 ,
สุราษฎร์ธานี ,สำนักงาน ความสูงเกินกว่า 5 ชั้นขึ้นไป ,8700 ,
สุราษฎร์ธานี ,ภัตตาคาร  ,6450 ,
สุราษฎร์ธานี ,ห้างสรรพสินค้า ,9100 ,
สุราษฎร์ธานี ,อาคารพาณิชยกรรม ประเภทค้าปลีกค้าส่ง ,7300 ,
สุราษฎร์ธานี ,สถานีบริการน้ำมันเชื้อเพลิง ,5350 , พื้นที่อาคารและบริเวณหัวจ่าย
สุราษฎร์ธานี ,โรงงาน ,6000 ,
สุราษฎร์ธานี ,ตลาด พื้นที่ไม่เกิน 1000 ตารางเมตร  ,3500 , พื้นที่ของแต่ละอาคาร
สุราษฎร์ธานี ,ตลาด พื้นที่เกินกว่า 1000 ตารางเมตรขึ้นไป  ,3650 , พื้นที่ของแต่ละอาคาร
สุราษฎร์ธานี ,อาคารพาณิชย์ ประเภทโฮมออฟฟิศ ,8900 ,
สุราษฎร์ธานี ,โรงงานซ่อมรถยนต์ ,5550 ,
สุรินทร์ ,ประเภทบ้านเดี่ยว ,6500 ,
สุรินทร์ ,ประเภทบ้านแถว (ทาวน์เฮาส์) ,6800 ,
สุรินทร์ ,ประเภทห้องแถว ,6300 ,
สุรินทร์ ,ประเภทตึกแถว ,7300 ,
สุรินทร์ ,คลังสินค้า พื้นที่ไม่เกิน 300 ตารางเมตร ,5350 ,
สุรินทร์ ,คลังสินค้า พื้นที่เกินกว่า 300 ตารางเมตรขึ้นไป ,3350 ,
สุรินทร์ ,สถานศึกษา ,7000 ,
สุรินทร์ ,โรงแรม ความสูงไม่เกิน 5 ชั้น ,8950 ,
สุรินทร์ ,โรงแรม ความสูงเกินกว่า 5 ชั้นขึ้นไป ,9550 ,
สุรินทร์ ,โรงมหรสพ ,7600 ,
สุรินทร์ ,สถานพยาบาล ,9000 ,
สุรินทร์ ,สำนักงาน ความสูงไม่เกิน 5 ชั้น ,6950 ,
สุรินทร์ ,สำนักงาน ความสูงเกินกว่า 5 ชั้นขึ้นไป ,7950 ,
สุรินทร์ ,ภัตตาคาร  ,6350 ,
สุรินทร์ ,ห้างสรรพสินค้า ,8850 ,
สุรินทร์ ,อาคารพาณิชยกรรม ประเภทค้าปลีกค้าส่ง ,7600 ,
สุรินทร์ ,สถานีบริการน้ำมันเชื้อเพลิง ,5250 , พื้นที่อาคารและบริเวณหัวจ่าย
สุรินทร์ ,โรงงาน ,5850 ,
สุรินทร์ ,ตลาด พื้นที่ไม่เกิน 1000 ตารางเมตร  ,3450 , พื้นที่ของแต่ละอาคาร
สุรินทร์ ,ตลาด พื้นที่เกินกว่า 1000 ตารางเมตรขึ้นไป  ,3650 , พื้นที่ของแต่ละอาคาร
สุรินทร์ ,อาคารพาณิชย์ ประเภทโฮมออฟฟิศ ,8350 ,
สุรินทร์ ,โรงงานซ่อมรถยนต์ ,5450 ,
หนองคาย ,ประเภทบ้านเดี่ยว ,6400 ,
หนองคาย ,ประเภทบ้านแถว (ทาวน์เฮาส์) ,6450 ,
หนองคาย ,ประเภทห้องแถว ,6300 ,
หนองคาย ,ประเภทตึกแถว ,7150 ,
หนองคาย ,คลังสินค้า พื้นที่ไม่เกิน 300 ตารางเมตร ,5100 ,
หนองคาย ,คลังสินค้า พื้นที่เกินกว่า 300 ตารางเมตรขึ้นไป ,3250 ,
หนองคาย ,สถานศึกษา ,6500 ,
หนองคาย ,โรงแรม ความสูงไม่เกิน 5 ชั้น ,8650 ,
หนองคาย ,โรงแรม ความสูงเกินกว่า 5 ชั้นขึ้นไป ,9200 ,
หนองคาย ,โรงมหรสพ ,7350 ,
หนองคาย ,สถานพยาบาล ,8550 ,
หนองคาย ,สำนักงาน ความสูงไม่เกิน 5 ชั้น ,6800 ,
หนองคาย ,สำนักงาน ความสูงเกินกว่า 5 ชั้นขึ้นไป ,8100 ,
หนองคาย ,ภัตตาคาร  ,6100 ,
หนองคาย ,ห้างสรรพสินค้า ,8550 ,
หนองคาย ,อาคารพาณิชยกรรม ประเภทค้าปลีกค้าส่ง ,7350 ,
หนองคาย ,สถานีบริการน้ำมันเชื้อเพลิง ,4950 , พื้นที่อาคารและบริเวณหัวจ่าย
หนองคาย ,โรงงาน ,5450 ,
หนองคาย ,ตลาด พื้นที่ไม่เกิน 1000 ตารางเมตร  ,3400 , พื้นที่ของแต่ละอาคาร
หนองคาย ,ตลาด พื้นที่เกินกว่า 1000 ตารางเมตรขึ้นไป  ,3550 , พื้นที่ของแต่ละอาคาร
หนองคาย ,อาคารพาณิชย์ ประเภทโฮมออฟฟิศ ,8100 ,
หนองคาย ,โรงงานซ่อมรถยนต์ ,5350 ,
หนองบัวลำภู ,ประเภทบ้านเดี่ยว ,6800 ,
หนองบัวลำภู ,ประเภทบ้านแถว (ทาวน์เฮาส์) ,6500 ,
หนองบัวลำภู ,ประเภทห้องแถว ,6300 ,
หนองบัวลำภู ,ประเภทตึกแถว ,7300 ,
หนองบัวลำภู ,คลังสินค้า พื้นที่ไม่เกิน 300 ตารางเมตร ,5250 ,
หนองบัวลำภู ,คลังสินค้า พื้นที่เกินกว่า 300 ตารางเมตรขึ้นไป ,3300 ,
หนองบัวลำภู ,สถานศึกษา ,7100 ,
หนองบัวลำภู ,โรงแรม ความสูงไม่เกิน 5 ชั้น ,9150 ,
หนองบัวลำภู ,โรงแรม ความสูงเกินกว่า 5 ชั้นขึ้นไป ,9400 ,
หนองบัวลำภู ,โรงมหรสพ ,7800 ,
หนองบัวลำภู ,สถานพยาบาล ,9000 ,
หนองบัวลำภู ,สำนักงาน ความสูงไม่เกิน 5 ชั้น ,7100 ,
หนองบัวลำภู ,สำนักงาน ความสูงเกินกว่า 5 ชั้นขึ้นไป ,8250 ,
หนองบัวลำภู ,ภัตตาคาร  ,6150 ,
หนองบัวลำภู ,ห้างสรรพสินค้า ,8900 ,
หนองบัวลำภู ,อาคารพาณิชยกรรม ประเภทค้าปลีกค้าส่ง ,7700 ,
หนองบัวลำภู ,สถานีบริการน้ำมันเชื้อเพลิง ,5000 , พื้นที่อาคารและบริเวณหัวจ่าย
หนองบัวลำภู ,โรงงาน ,5650 ,
หนองบัวลำภู ,ตลาด พื้นที่ไม่เกิน 1000 ตารางเมตร  ,3450 , พื้นที่ของแต่ละอาคาร
หนองบัวลำภู ,ตลาด พื้นที่เกินกว่า 1000 ตารางเมตรขึ้นไป  ,3600 , พื้นที่ของแต่ละอาคาร
หนองบัวลำภู ,อาคารพาณิชย์ ประเภทโฮมออฟฟิศ ,8250 ,
หนองบัวลำภู ,โรงงานซ่อมรถยนต์ ,5450 ,
อ่างทอง ,ประเภทบ้านเดี่ยว ,6650 ,
อ่างทอง ,ประเภทบ้านแถว (ทาวน์เฮาส์) ,6600 ,
อ่างทอง ,ประเภทห้องแถว ,6850 ,
อ่างทอง ,ประเภทตึกแถว ,7450 ,
อ่างทอง ,คลังสินค้า พื้นที่ไม่เกิน 300 ตารางเมตร ,5450 ,
อ่างทอง ,คลังสินค้า พื้นที่เกินกว่า 300 ตารางเมตรขึ้นไป ,3350 ,
อ่างทอง ,สถานศึกษา ,6900 ,
อ่างทอง ,โรงแรม ความสูงไม่เกิน 5 ชั้น ,9200 ,
อ่างทอง ,โรงแรม ความสูงเกินกว่า 5 ชั้นขึ้นไป ,9900 ,
อ่างทอง ,โรงมหรสพ ,7650 ,
อ่างทอง ,สถานพยาบาล ,9050 ,
อ่างทอง ,สำนักงาน ความสูงไม่เกิน 5 ชั้น ,7100 ,
อ่างทอง ,สำนักงาน ความสูงเกินกว่า 5 ชั้นขึ้นไป ,8350 ,
อ่างทอง ,ภัตตาคาร  ,6300 ,
อ่างทอง ,ห้างสรรพสินค้า ,9400 ,
อ่างทอง ,อาคารพาณิชยกรรม ประเภทค้าปลีกค้าส่ง ,7950 ,
อ่างทอง ,สถานีบริการน้ำมันเชื้อเพลิง ,5250 , พื้นที่อาคารและบริเวณหัวจ่าย
อ่างทอง ,โรงงาน ,5950 ,
อ่างทอง ,ตลาด พื้นที่ไม่เกิน 1000 ตารางเมตร  ,3500 , พื้นที่ของแต่ละอาคาร
อ่างทอง ,ตลาด พื้นที่เกินกว่า 1000 ตารางเมตรขึ้นไป  ,3750 , พื้นที่ของแต่ละอาคาร
อ่างทอง ,อาคารพาณิชย์ ประเภทโฮมออฟฟิศ ,8550 ,
อ่างทอง ,โรงงานซ่อมรถยนต์ ,5500 ,
อำนาจเจริญ ,ประเภทบ้านเดี่ยว ,6350 ,
อำนาจเจริญ ,ประเภทบ้านแถว (ทาวน์เฮาส์) ,6750 ,
อำนาจเจริญ ,ประเภทห้องแถว ,6300 ,
อำนาจเจริญ ,ประเภทตึกแถว ,7050 ,
อำนาจเจริญ ,คลังสินค้า พื้นที่ไม่เกิน 300 ตารางเมตร ,5150 ,
อำนาจเจริญ ,คลังสินค้า พื้นที่เกินกว่า 300 ตารางเมตรขึ้นไป ,3250 ,
อำนาจเจริญ ,สถานศึกษา ,7400 ,
อำนาจเจริญ ,โรงแรม ความสูงไม่เกิน 5 ชั้น ,8850 ,
อำนาจเจริญ ,โรงแรม ความสูงเกินกว่า 5 ชั้นขึ้นไป ,9500 ,
อำนาจเจริญ ,โรงมหรสพ ,7550 ,
อำนาจเจริญ ,สถานพยาบาล ,8650 ,
อำนาจเจริญ ,สำนักงาน ความสูงไม่เกิน 5 ชั้น ,6700 ,
อำนาจเจริญ ,สำนักงาน ความสูงเกินกว่า 5 ชั้นขึ้นไป ,8400 ,
อำนาจเจริญ ,ภัตตาคาร  ,6250 ,
อำนาจเจริญ ,ห้างสรรพสินค้า ,8700 ,
อำนาจเจริญ ,อาคารพาณิชยกรรม ประเภทค้าปลีกค้าส่ง ,7550 ,
อำนาจเจริญ ,สถานีบริการน้ำมันเชื้อเพลิง ,5200 , พื้นที่อาคารและบริเวณหัวจ่าย
อำนาจเจริญ ,โรงงาน ,5600 ,
อำนาจเจริญ ,ตลาด พื้นที่ไม่เกิน 1000 ตารางเมตร  ,3450 , พื้นที่ของแต่ละอาคาร
อำนาจเจริญ ,ตลาด พื้นที่เกินกว่า 1000 ตารางเมตรขึ้นไป  ,3500 , พื้นที่ของแต่ละอาคาร
อำนาจเจริญ ,อาคารพาณิชย์ ประเภทโฮมออฟฟิศ ,8250 ,
อำนาจเจริญ ,โรงงานซ่อมรถยนต์ ,5300 ,
อุดรธานี ,ประเภทบ้านเดี่ยว ,6400 ,
อุดรธานี ,ประเภทบ้านแถว (ทาวน์เฮาส์) ,6450 ,
อุดรธานี ,ประเภทห้องแถว ,6300 ,
อุดรธานี ,ประเภทตึกแถว ,7150 ,
อุดรธานี ,คลังสินค้า พื้นที่ไม่เกิน 300 ตารางเมตร ,5100 ,
อุดรธานี ,คลังสินค้า พื้นที่เกินกว่า 300 ตารางเมตรขึ้นไป ,3250 ,
อุดรธานี ,สถานศึกษา ,6500 ,
อุดรธานี ,โรงแรม ความสูงไม่เกิน 5 ชั้น ,8650 ,
อุดรธานี ,โรงแรม ความสูงเกินกว่า 5 ชั้นขึ้นไป ,9200 ,
อุดรธานี ,โรงมหรสพ ,7350 ,
อุดรธานี ,สถานพยาบาล ,8550 ,
อุดรธานี ,สำนักงาน ความสูงไม่เกิน 5 ชั้น ,6800 ,
อุดรธานี ,สำนักงาน ความสูงเกินกว่า 5 ชั้นขึ้นไป ,8100 ,
อุดรธานี ,ภัตตาคาร  ,6100 ,
อุดรธานี ,ห้างสรรพสินค้า ,8550 ,
อุดรธานี ,อาคารพาณิชยกรรม ประเภทค้าปลีกค้าส่ง ,7350 ,
อุดรธานี ,สถานีบริการน้ำมันเชื้อเพลิง ,4950 , พื้นที่อาคารและบริเวณหัวจ่าย
อุดรธานี ,โรงงาน ,5450 ,
อุดรธานี ,ตลาด พื้นที่ไม่เกิน 1000 ตารางเมตร  ,3400 , พื้นที่ของแต่ละอาคาร
อุดรธานี ,ตลาด พื้นที่เกินกว่า 1000 ตารางเมตรขึ้นไป  ,3550 , พื้นที่ของแต่ละอาคาร
อุดรธานี ,อาคารพาณิชย์ ประเภทโฮมออฟฟิศ ,8100 ,
อุดรธานี ,โรงงานซ่อมรถยนต์ ,5350 ,
อุตรดิตถ์ ,ประเภทบ้านเดี่ยว ,6700 ,
อุตรดิตถ์ ,ประเภทบ้านแถว (ทาวน์เฮาส์) ,6650 ,
อุตรดิตถ์ ,ประเภทห้องแถว ,6500 ,
อุตรดิตถ์ ,ประเภทตึกแถว ,7150 ,
อุตรดิตถ์ ,คลังสินค้า พื้นที่ไม่เกิน 300 ตารางเมตร ,5450 ,
อุตรดิตถ์ ,คลังสินค้า พื้นที่เกินกว่า 300 ตารางเมตรขึ้นไป ,3300 ,
อุตรดิตถ์ ,สถานศึกษา ,6700 ,
อุตรดิตถ์ ,โรงแรม ความสูงไม่เกิน 5 ชั้น ,9200 ,
อุตรดิตถ์ ,โรงแรม ความสูงเกินกว่า 5 ชั้นขึ้นไป ,9650 ,
อุตรดิตถ์ ,โรงมหรสพ ,7500 ,
อุตรดิตถ์ ,สถานพยาบาล ,8850 ,
อุตรดิตถ์ ,สำนักงาน ความสูงไม่เกิน 5 ชั้น ,7050 ,
อุตรดิตถ์ ,สำนักงาน ความสูงเกินกว่า 5 ชั้นขึ้นไป ,8400 ,
อุตรดิตถ์ ,ภัตตาคาร  ,6450 ,
อุตรดิตถ์ ,ห้างสรรพสินค้า ,8800 ,
อุตรดิตถ์ ,อาคารพาณิชยกรรม ประเภทค้าปลีกค้าส่ง ,7550 ,
อุตรดิตถ์ ,สถานีบริการน้ำมันเชื้อเพลิง ,5200 , พื้นที่อาคารและบริเวณหัวจ่าย
อุตรดิตถ์ ,โรงงาน ,5700 ,
อุตรดิตถ์ ,ตลาด พื้นที่ไม่เกิน 1000 ตารางเมตร  ,3500 , พื้นที่ของแต่ละอาคาร
อุตรดิตถ์ ,ตลาด พื้นที่เกินกว่า 1000 ตารางเมตรขึ้นไป  ,3600 , พื้นที่ของแต่ละอาคาร
อุตรดิตถ์ ,อาคารพาณิชย์ ประเภทโฮมออฟฟิศ ,8600 ,
อุตรดิตถ์ ,โรงงานซ่อมรถยนต์ ,5200 ,
อุทัยธานี ,ประเภทบ้านเดี่ยว ,6500 ,
อุทัยธานี ,ประเภทบ้านแถว (ทาวน์เฮาส์) ,6450 ,
อุทัยธานี ,ประเภทห้องแถว ,6450 ,
อุทัยธานี ,ประเภทตึกแถว ,6850 ,
อุทัยธานี ,คลังสินค้า พื้นที่ไม่เกิน 300 ตารางเมตร ,5200 ,
อุทัยธานี ,คลังสินค้า พื้นที่เกินกว่า 300 ตารางเมตรขึ้นไป ,3150 ,
อุทัยธานี ,สถานศึกษา ,6500 ,
อุทัยธานี ,โรงแรม ความสูงไม่เกิน 5 ชั้น ,8950 ,
อุทัยธานี ,โรงแรม ความสูงเกินกว่า 5 ชั้นขึ้นไป ,9350 ,
อุทัยธานี ,โรงมหรสพ ,7250 ,
อุทัยธานี ,สถานพยาบาล ,8600 ,
อุทัยธานี ,สำนักงาน ความสูงไม่เกิน 5 ชั้น ,6900 ,
อุทัยธานี ,สำนักงาน ความสูงเกินกว่า 5 ชั้นขึ้นไป ,8100 ,
อุทัยธานี ,ภัตตาคาร  ,6200 ,
อุทัยธานี ,ห้างสรรพสินค้า ,9000 ,
อุทัยธานี ,อาคารพาณิชยกรรม ประเภทค้าปลีกค้าส่ง ,7550 ,
อุทัยธานี ,สถานีบริการน้ำมันเชื้อเพลิง ,5100 , พื้นที่อาคารและบริเวณหัวจ่าย
อุทัยธานี ,โรงงาน ,5450 ,
อุทัยธานี ,ตลาด พื้นที่ไม่เกิน 1000 ตารางเมตร  ,3350 , พื้นที่ของแต่ละอาคาร
อุทัยธานี ,ตลาด พื้นที่เกินกว่า 1000 ตารางเมตรขึ้นไป  ,3550 , พื้นที่ของแต่ละอาคาร
อุทัยธานี ,อาคารพาณิชย์ ประเภทโฮมออฟฟิศ ,8250 ,
อุทัยธานี ,โรงงานซ่อมรถยนต์ ,5050 ,
อุบลราชธานี ,ประเภทบ้านเดี่ยว ,6350 ,
อุบลราชธานี ,ประเภทบ้านแถว (ทาวน์เฮาส์) ,6700 ,
อุบลราชธานี ,ประเภทห้องแถว ,6650 ,
อุบลราชธานี ,ประเภทตึกแถว ,7150 ,
อุบลราชธานี ,คลังสินค้า พื้นที่ไม่เกิน 300 ตารางเมตร ,5300 ,
อุบลราชธานี ,คลังสินค้า พื้นที่เกินกว่า 300 ตารางเมตรขึ้นไป ,3300 ,
อุบลราชธานี ,สถานศึกษา ,6850 ,
อุบลราชธานี ,โรงแรม ความสูงไม่เกิน 5 ชั้น ,8900 ,
อุบลราชธานี ,โรงแรม ความสูงเกินกว่า 5 ชั้นขึ้นไป ,9250 ,
อุบลราชธานี ,โรงมหรสพ ,7400 ,
อุบลราชธานี ,สถานพยาบาล ,8650 ,
อุบลราชธานี ,สำนักงาน ความสูงไม่เกิน 5 ชั้น ,6600 ,
อุบลราชธานี ,สำนักงาน ความสูงเกินกว่า 5 ชั้นขึ้นไป ,8050 ,
อุบลราชธานี ,ภัตตาคาร  ,6350 ,
อุบลราชธานี ,ห้างสรรพสินค้า ,8650 ,
อุบลราชธานี ,อาคารพาณิชยกรรม ประเภทค้าปลีกค้าส่ง ,7350 ,
อุบลราชธานี ,สถานีบริการน้ำมันเชื้อเพลิง ,5150 , พื้นที่อาคารและบริเวณหัวจ่าย
อุบลราชธานี ,โรงงาน ,5750 ,
อุบลราชธานี ,ตลาด พื้นที่ไม่เกิน 1000 ตารางเมตร  ,3350 , พื้นที่ของแต่ละอาคาร
อุบลราชธานี ,ตลาด พื้นที่เกินกว่า 1000 ตารางเมตรขึ้นไป  ,3650 , พื้นที่ของแต่ละอาคาร
อุบลราชธานี ,อาคารพาณิชย์ ประเภทโฮมออฟฟิศ ,8400 ,
อุบลราชธานี ,โรงงานซ่อมรถยนต์ ,5450 ,
